#{"t_start": 1773871345.1471934, "env_id": "merge-v0"}
r,l,t,violation_count,near_miss_count,shield_count,action_correction_mean,reward_penalty_sum,ctx_id,ctx_tuple,regime_type,tau_violation,tau_near_miss
30.806476,89,6.822634,76,68,76,0.67735668615009,0.0,low|calm|clean,"('low', 'calm', 'clean')",nonstationary_seen,1.9799491167068484,2.6755370706319845
50.294163,200,23.167497,172,34,172,0.7139807666838169,0.0,low|aggr|clean,"('low', 'aggr', 'clean')",nonstationary_seen,1.9935047948360443,6.403451237455011
50.489463,200,39.56661,170,25,170,0.6807746767997742,0.0,low|calm|noisy,"('low', 'calm', 'noisy')",nonstationary_seen,1.9935047948360443,6.403451237455011
47.102779,200,56.822527,181,163,181,0.7102222028374672,0.0,low|calm|clean,"('low', 'calm', 'clean')",nonstationary_seen,1.9799491167068484,2.6755370706319845
52.635823,200,74.935396,178,36,178,0.7406712672114373,0.0,low|aggr|clean,"('low', 'aggr', 'clean')",nonstationary_seen,1.9935047948360443,6.403451237455011
-1.582819,200,89.934128,173,35,173,0.6903855173289776,0.0,low|calm|noisy,"('low', 'calm', 'noisy')",nonstationary_seen,1.9935047948360443,6.403451237455011
45.532332,143,100.734256,124,114,124,0.7230561121360405,0.0,low|calm|clean,"('low', 'calm', 'clean')",nonstationary_seen,1.9799491167068484,2.6755370706319845
6.385947,149,112.214853,131,23,131,0.7059833649420898,0.0,low|aggr|clean,"('low', 'aggr', 'clean')",nonstationary_seen,1.9935047948360443,6.403451237455011
36.143362,109,120.35536,97,24,97,0.8119525392667963,0.0,low|calm|noisy,"('low', 'calm', 'noisy')",nonstationary_seen,1.9935047948360443,6.403451237455011
46.981497,200,136.130353,182,164,182,0.7403454035520554,0.0,low|calm|clean,"('low', 'calm', 'clean')",nonstationary_seen,1.9799491167068484,2.6755370706319845
-4.653587,200,152.042572,176,28,176,0.6939092330634594,0.0,low|aggr|clean,"('low', 'aggr', 'clean')",nonstationary_seen,1.9935047948360443,6.403451237455011
27.512519,58,156.857922,50,7,50,0.7116683269369191,0.0,low|calm|noisy,"('low', 'calm', 'noisy')",nonstationary_seen,1.9935047948360443,6.403451237455011
26.285407,56,161.23965,51,45,51,0.7562794967421463,0.0,low|calm|clean,"('low', 'calm', 'clean')",nonstationary_seen,1.9799491167068484,2.6755370706319845
49.058338,192,178.652628,164,31,164,0.670435634907335,0.0,low|aggr|clean,"('low', 'aggr', 'clean')",nonstationary_seen,1.9935047948360443,6.403451237455011
50.312533,200,194.46502,179,26,179,0.7064875695109367,0.0,low|calm|noisy,"('low', 'calm', 'noisy')",nonstationary_seen,1.9935047948360443,6.403451237455011
39.926677,125,204.257903,111,95,111,0.6849503784179688,0.0,low|calm|clean,"('low', 'calm', 'clean')",nonstationary_seen,1.9799491167068484,2.6755370706319845
31.23938,69,209.85569,58,8,58,0.6665612986122352,0.0,low|aggr|clean,"('low', 'aggr', 'clean')",nonstationary_seen,1.9935047948360443,6.403451237455011
56.16081,200,228.615305,176,33,176,0.7094459392130374,0.0,low|calm|noisy,"('low', 'calm', 'noisy')",nonstationary_seen,1.9935047948360443,6.403451237455011
1.780127,200,243.731368,184,159,184,0.7340545479953289,0.0,low|calm|clean,"('low', 'calm', 'clean')",nonstationary_seen,1.9799491167068484,2.6755370706319845
25.412733,59,248.371647,50,16,50,0.7236633129039053,0.0,low|aggr|clean,"('low', 'aggr', 'clean')",nonstationary_seen,1.9935047948360443,6.403451237455011
16.025826,18,249.868169,15,1,15,0.7486428287294176,0.0,low|calm|noisy,"('low', 'calm', 'noisy')",nonstationary_seen,1.9935047948360443,6.403451237455011
27.43203,68,254.950351,61,50,61,0.7303185226286159,0.0,low|calm|clean,"('low', 'calm', 'clean')",nonstationary_seen,1.9799491167068484,2.6755370706319845
13.472995,16,256.153011,13,3,13,0.6139797978103161,0.0,low|aggr|clean,"('low', 'aggr', 'clean')",nonstationary_seen,1.9935047948360443,6.403451237455011
0.163555,200,273.55905,180,29,180,0.7233010445535183,0.0,low|calm|noisy,"('low', 'calm', 'noisy')",nonstationary_seen,1.9935047948360443,6.403451237455011
21.347213,43,276.950293,33,27,33,0.5975159683892893,0.0,low|calm|clean,"('low', 'calm', 'clean')",nonstationary_seen,1.9799491167068484,2.6755370706319845
15.143418,18,278.465822,17,5,17,0.9989580313364664,0.0,low|aggr|clean,"('low', 'aggr', 'clean')",nonstationary_seen,1.9935047948360443,6.403451237455011
11.179258,13,279.520573,12,2,12,0.8755846206958477,0.0,low|calm|noisy,"('low', 'calm', 'noisy')",nonstationary_seen,1.9935047948360443,6.403451237455011
52.497099,200,294.418725,181,167,181,0.7607712027430534,0.0,low|calm|clean,"('low', 'calm', 'clean')",nonstationary_seen,1.9799491167068484,2.6755370706319845
9.281794,12,295.471064,11,1,11,0.7776393741369247,0.0,low|aggr|clean,"('low', 'aggr', 'clean')",nonstationary_seen,1.9935047948360443,6.403451237455011
5.009644,6,296.021981,6,0,6,0.9208437701066335,0.0,low|calm|noisy,"('low', 'calm', 'noisy')",nonstationary_seen,1.9935047948360443,6.403451237455011
51.812177,200,310.99478,176,157,176,0.7096982644498349,0.0,low|calm|clean,"('low', 'calm', 'clean')",nonstationary_seen,1.9799491167068484,2.6755370706319845
14.895079,18,312.45458,16,5,16,0.8966719375716315,0.0,low|aggr|clean,"('low', 'aggr', 'clean')",nonstationary_seen,1.9935047948360443,6.403451237455011
38.974794,124,323.913919,107,20,107,0.7018765698998205,0.0,low|calm|noisy,"('low', 'calm', 'noisy')",nonstationary_seen,1.9935047948360443,6.403451237455011
13.331062,14,325.398436,11,10,11,0.6620005241462162,0.0,low|calm|clean,"('low', 'calm', 'clean')",nonstationary_seen,1.9799491167068484,2.6755370706319845
47.79805,200,340.872368,182,48,182,0.8075452035665512,0.0,low|aggr|clean,"('low', 'aggr', 'clean')",nonstationary_seen,1.9935047948360443,6.403451237455011
16.318715,20,342.434584,18,2,18,0.8187557995319367,0.0,low|calm|noisy,"('low', 'calm', 'noisy')",nonstationary_seen,1.9935047948360443,6.403451237455011
6.715035,94,349.86388,83,73,83,0.6984903492192005,0.0,low|calm|clean,"('low', 'calm', 'clean')",nonstationary_seen,1.9799491167068484,2.6755370706319845
32.08724,82,356.340846,72,16,72,0.7176319833208875,0.0,low|aggr|clean,"('low', 'aggr', 'clean')",nonstationary_seen,1.9935047948360443,6.403451237455011
36.183471,115,364.901102,91,15,91,0.6110693356265192,0.0,low|calm|noisy,"('low', 'calm', 'noisy')",nonstationary_seen,1.9935047948360443,6.403451237455011
43.280917,170,378.762777,151,138,151,0.6523634663399528,0.0,low|calm|clean,"('low', 'calm', 'clean')",nonstationary_seen,1.9799491167068484,2.6755370706319845
46.956566,200,393.591224,187,41,187,0.7733100293576718,0.0,low|aggr|clean,"('low', 'aggr', 'clean')",nonstationary_seen,1.9935047948360443,6.403451237455011
36.060905,109,401.801049,93,18,93,0.687169603251536,0.0,low|calm|noisy,"('low', 'calm', 'noisy')",nonstationary_seen,1.9935047948360443,6.403451237455011
9.74837,13,402.826057,12,10,12,0.9409912045185382,0.0,low|calm|clean,"('low', 'calm', 'clean')",nonstationary_seen,1.9799491167068484,2.6755370706319845
52.792759,200,418.370353,186,38,186,0.7499951779842376,0.0,low|aggr|clean,"('low', 'aggr', 'clean')",nonstationary_seen,1.9935047948360443,6.403451237455011
46.880591,200,434.034926,183,37,183,0.740233344733715,0.0,low|calm|noisy,"('low', 'calm', 'noisy')",nonstationary_seen,1.9935047948360443,6.403451237455011
-4.428625,200,450.358848,181,161,181,0.7344862791895866,0.0,low|calm|clean,"('low', 'calm', 'clean')",nonstationary_seen,1.9799491167068484,2.6755370706319845
47.292706,200,466.825614,174,31,174,0.6898743815720081,0.0,low|aggr|clean,"('low', 'aggr', 'clean')",nonstationary_seen,1.9935047948360443,6.403451237455011
6.607585,8,467.589315,6,2,6,0.6247137859463692,0.0,low|calm|noisy,"('low', 'calm', 'noisy')",nonstationary_seen,1.9935047948360443,6.403451237455011
18.048897,32,470.24443,28,24,28,0.6953159365803003,0.0,low|calm|clean,"('low', 'calm', 'clean')",nonstationary_seen,1.9799491167068484,2.6755370706319845
4.961348,6,470.781468,6,1,6,0.8845177888870239,0.0,low|aggr|clean,"('low', 'aggr', 'clean')",nonstationary_seen,1.9935047948360443,6.403451237455011
14.24761,19,472.285703,17,3,17,0.6697137889109159,0.0,low|calm|noisy,"('low', 'calm', 'noisy')",nonstationary_seen,1.9935047948360443,6.403451237455011
49.204451,200,488.252582,171,145,171,0.648810110092163,0.0,low|calm|clean,"('low', 'calm', 'clean')",nonstationary_seen,1.9799491167068484,2.6755370706319845
46.221044,200,504.40438,172,30,172,0.6649332617223263,0.0,low|aggr|clean,"('low', 'aggr', 'clean')",nonstationary_seen,1.9935047948360443,6.403451237455011
55.204997,194,519.743063,153,17,153,0.610272933220126,0.0,low|calm|noisy,"('low', 'calm', 'noisy')",nonstationary_seen,1.9935047948360443,6.403451237455011
45.198698,157,531.7934,121,101,121,0.5497752691909765,0.0,low|calm|clean,"('low', 'calm', 'clean')",nonstationary_seen,1.9799491167068484,2.6755370706319845
49.730303,200,546.673208,173,42,173,0.6710413022339344,0.0,low|aggr|clean,"('low', 'aggr', 'clean')",nonstationary_seen,1.9935047948360443,6.403451237455011
53.621784,200,562.544728,180,37,180,0.7342525482177734,0.0,low|calm|noisy,"('low', 'calm', 'noisy')",nonstationary_seen,1.9935047948360443,6.403451237455011
13.263568,19,563.966738,19,17,19,0.9813179326684851,0.0,low|calm|clean,"('low', 'calm', 'clean')",nonstationary_seen,1.9799491167068484,2.6755370706319845
53.293523,200,582.799998,151,16,151,0.5507983207702637,0.0,low|aggr|clean,"('low', 'aggr', 'clean')",nonstationary_seen,1.9935047948360443,6.403451237455011
50.749078,200,600.308953,163,32,163,0.6825813242793083,0.0,low|calm|noisy,"('low', 'calm', 'noisy')",nonstationary_seen,1.9935047948360443,6.403451237455011
52.645277,200,616.264225,159,134,159,0.5934624619781971,0.0,low|calm|clean,"('low', 'calm', 'clean')",nonstationary_seen,1.9799491167068484,2.6755370706319845
17.543275,20,617.795582,18,9,18,1.005021595954895,0.0,low|aggr|clean,"('low', 'aggr', 'clean')",nonstationary_seen,1.9935047948360443,6.403451237455011
51.068345,200,635.188875,165,35,165,0.6742652356624603,0.0,low|calm|noisy,"('low', 'calm', 'noisy')",nonstationary_seen,1.9935047948360443,6.403451237455011
56.763225,200,650.436514,167,152,167,0.73397242218256,0.0,low|calm|clean,"('low', 'calm', 'clean')",nonstationary_seen,1.9799491167068484,2.6755370706319845
4.21453,5,650.810885,3,0,3,0.4801959991455078,0.0,low|aggr|clean,"('low', 'aggr', 'clean')",nonstationary_seen,1.9935047948360443,6.403451237455011
4.913949,6,651.403864,4,0,4,0.49606867631276447,0.0,low|calm|noisy,"('low', 'calm', 'noisy')",nonstationary_seen,1.9935047948360443,6.403451237455011
20.922669,25,654.388534,23,19,23,1.0025283336639403,0.0,low|calm|clean,"('low', 'calm', 'clean')",nonstationary_seen,1.9799491167068484,2.6755370706319845
47.632424,200,670.267972,174,32,174,0.7159058548510074,0.0,low|aggr|clean,"('low', 'aggr', 'clean')",nonstationary_seen,1.9935047948360443,6.403451237455011
4.959093,6,670.746291,3,0,3,0.5105376740296682,0.0,low|calm|noisy,"('low', 'calm', 'noisy')",nonstationary_seen,1.9935047948360443,6.403451237455011
-0.738784,200,685.73277,157,137,157,0.6458225464820861,0.0,low|calm|clean,"('low', 'calm', 'clean')",nonstationary_seen,1.9799491167068484,2.6755370706319845
58.382333,200,701.849119,159,21,159,0.6823749987781048,0.0,low|aggr|clean,"('low', 'aggr', 'clean')",nonstationary_seen,1.9935047948360443,6.403451237455011
49.102758,200,717.013976,176,12,176,0.6625717857480049,0.0,low|calm|noisy,"('low', 'calm', 'noisy')",nonstationary_seen,1.9935047948360443,6.403451237455011
10.890719,72,722.362462,64,56,64,0.6807698764734798,0.0,low|calm|clean,"('low', 'calm', 'clean')",nonstationary_seen,1.9799491167068484,2.6755370706319845
6.99723,8,723.031751,7,0,7,0.6903673186898232,0.0,low|aggr|clean,"('low', 'aggr', 'clean')",nonstationary_seen,1.9935047948360443,6.403451237455011
55.381828,200,738.327453,173,37,173,0.770775815397501,0.0,low|calm|noisy,"('low', 'calm', 'noisy')",nonstationary_seen,1.9935047948360443,6.403451237455011
56.290201,200,754.31555,169,152,169,0.7884679774940014,0.0,low|calm|clean,"('low', 'calm', 'clean')",nonstationary_seen,1.9799491167068484,2.6755370706319845
14.730986,17,755.920812,13,0,13,0.5733606342007133,0.0,low|aggr|clean,"('low', 'aggr', 'clean')",nonstationary_seen,1.9935047948360443,6.403451237455011
16.861467,19,757.444516,17,10,17,1.1691793077870418,0.0,low|calm|noisy,"('low', 'calm', 'noisy')",nonstationary_seen,1.9935047948360443,6.403451237455011
53.635572,200,774.093019,174,153,174,0.7138021123409272,0.0,low|calm|clean,"('low', 'calm', 'clean')",nonstationary_seen,1.9799491167068484,2.6755370706319845
57.458002,200,792.070889,176,25,176,0.7361782915890217,0.0,low|aggr|clean,"('low', 'aggr', 'clean')",nonstationary_seen,1.9935047948360443,6.403451237455011
58.827773,200,807.636944,167,26,167,0.6871157199144363,0.0,low|calm|noisy,"('low', 'calm', 'noisy')",nonstationary_seen,1.9935047948360443,6.403451237455011
15.834837,18,809.221872,17,17,17,1.004023876455095,0.0,low|calm|clean,"('low', 'calm', 'clean')",nonstationary_seen,1.9799491167068484,2.6755370706319845
58.926101,200,825.422017,174,27,174,0.7424665968120098,0.0,low|aggr|clean,"('low', 'aggr', 'clean')",nonstationary_seen,1.9935047948360443,6.403451237455011
15.597159,19,827.18661,18,6,18,1.0064258512697721,0.0,low|calm|noisy,"('low', 'calm', 'noisy')",nonstationary_seen,1.9935047948360443,6.403451237455011
14.489582,16,828.531937,15,15,15,1.1359567120671272,0.0,low|calm|clean,"('low', 'calm', 'clean')",nonstationary_seen,1.9799491167068484,2.6755370706319845
15.273101,17,829.815427,16,3,16,1.0945702510721542,0.0,low|aggr|clean,"('low', 'aggr', 'clean')",nonstationary_seen,1.9935047948360443,6.403451237455011
12.787684,14,831.497814,11,0,11,0.8114659743649619,0.0,low|calm|noisy,"('low', 'calm', 'noisy')",nonstationary_seen,1.9935047948360443,6.403451237455011
53.166676,200,848.397659,172,151,172,0.6972071547806263,0.0,low|calm|clean,"('low', 'calm', 'clean')",nonstationary_seen,1.9799491167068484,2.6755370706319845
12.203215,14,849.692441,12,0,12,0.8696690074035099,0.0,low|aggr|clean,"('low', 'aggr', 'clean')",nonstationary_seen,1.9935047948360443,6.403451237455011
18.725021,22,851.609553,21,4,21,1.092231967232444,0.0,low|calm|noisy,"('low', 'calm', 'noisy')",nonstationary_seen,1.9935047948360443,6.403451237455011
58.626582,200,867.946174,163,147,163,0.7083493855595588,0.0,low|calm|clean,"('low', 'calm', 'clean')",nonstationary_seen,1.9799491167068484,2.6755370706319845
60.031995,200,883.767456,170,20,170,0.7174176320433616,0.0,low|aggr|clean,"('low', 'aggr', 'clean')",nonstationary_seen,1.9935047948360443,6.403451237455011
57.037189,200,899.203023,166,23,166,0.7431215693056583,0.0,low|calm|noisy,"('low', 'calm', 'noisy')",nonstationary_seen,1.9935047948360443,6.403451237455011
25.054342,50,902.948521,47,42,47,0.6861031359434128,0.0,low|calm|clean,"('low', 'calm', 'clean')",nonstationary_seen,1.9799491167068484,2.6755370706319845
17.625189,20,904.513021,16,0,16,0.9068409383296967,0.0,low|aggr|clean,"('low', 'aggr', 'clean')",nonstationary_seen,1.9935047948360443,6.403451237455011
-1.196835,200,919.488488,171,7,171,0.5809869943559169,0.0,low|calm|noisy,"('low', 'calm', 'noisy')",nonstationary_seen,1.9935047948360443,6.403451237455011
-2.06449,200,937.240813,132,96,132,0.45095649182796477,0.0,low|calm|clean,"('low', 'calm', 'clean')",nonstationary_seen,1.9799491167068484,2.6755370706319845
-4.213637,200,953.999222,103,13,103,0.3433340588212013,0.0,low|aggr|clean,"('low', 'aggr', 'clean')",nonstationary_seen,1.9935047948360443,6.403451237455011
50.666644,200,970.07815,125,7,125,0.4253927332162857,0.0,low|calm|noisy,"('low', 'calm', 'noisy')",nonstationary_seen,1.9935047948360443,6.403451237455011
-2.967791,200,985.555838,139,92,139,0.505054612159729,0.0,low|calm|clean,"('low', 'calm', 'clean')",nonstationary_seen,1.9799491167068484,2.6755370706319845
54.924344,200,1002.230803,160,11,160,0.47886441498994825,0.0,low|aggr|clean,"('low', 'aggr', 'clean')",nonstationary_seen,1.9935047948360443,6.403451237455011
49.544686,200,1020.093709,182,11,182,0.7546078790724278,0.0,low|calm|noisy,"('low', 'calm', 'noisy')",nonstationary_seen,1.9935047948360443,6.403451237455011
54.505006,200,1036.155708,173,127,173,0.5649586543440819,0.0,low|calm|clean,"('low', 'calm', 'clean')",nonstationary_seen,1.9799491167068484,2.6755370706319845
49.700133,200,1052.928051,168,11,168,0.3769942140579224,0.0,low|aggr|clean,"('low', 'aggr', 'clean')",nonstationary_seen,1.9935047948360443,6.403451237455011
-4.403185,200,1068.844023,178,20,178,0.5300569733977318,0.0,low|calm|noisy,"('low', 'calm', 'noisy')",nonstationary_seen,1.9935047948360443,6.403451237455011
51.039572,200,1084.656741,186,147,186,0.8802596259117127,0.0,low|calm|clean,"('low', 'calm', 'clean')",nonstationary_seen,1.9799491167068484,2.6755370706319845
9.462617,11,1085.55248,11,8,11,1.4518784284591675,0.0,low|aggr|clean,"('low', 'aggr', 'clean')",nonstationary_seen,1.9935047948360443,6.403451237455011
49.466711,200,1101.496682,187,17,187,0.7521527776122093,0.0,low|calm|noisy,"('low', 'calm', 'noisy')",nonstationary_seen,1.9935047948360443,6.403451237455011
12.735231,44,1105.52788,40,37,40,0.9126771844246171,0.0,low|calm|clean,"('low', 'calm', 'clean')",nonstationary_seen,1.9799491167068484,2.6755370706319845
21.828301,35,1108.328311,28,12,28,0.7408329691205706,0.0,low|aggr|clean,"('low', 'aggr', 'clean')",nonstationary_seen,1.9935047948360443,6.403451237455011
52.088999,200,1124.385668,180,24,180,0.5421733410656452,0.0,low|calm|noisy,"('low', 'calm', 'noisy')",nonstationary_seen,1.9935047948360443,6.403451237455011
47.993476,200,1139.716905,189,175,189,0.5971076519787312,0.0,low|calm|clean,"('low', 'calm', 'clean')",nonstationary_seen,1.9799491167068484,2.6755370706319845
15.003267,17,1141.021597,16,14,16,1.2127684004166548,0.0,low|aggr|clean,"('low', 'aggr', 'clean')",nonstationary_seen,1.9935047948360443,6.403451237455011
48.67433,200,1155.750091,188,28,188,0.5506250663101673,0.0,low|calm|noisy,"('low', 'calm', 'noisy')",nonstationary_seen,1.9935047948360443,6.403451237455011
46.481115,200,1174.56326,189,171,189,0.6125007572770119,0.0,low|calm|clean,"('low', 'calm', 'clean')",nonstationary_seen,1.9799491167068484,2.6755370706319845
46.409643,200,1190.765114,190,22,190,0.8717828337848187,0.0,low|aggr|clean,"('low', 'aggr', 'clean')",nonstationary_seen,1.9935047948360443,6.403451237455011
46.901711,200,1205.672656,196,95,196,0.7520288854837418,0.0,low|calm|noisy,"('low', 'calm', 'noisy')",nonstationary_seen,1.9935047948360443,6.403451237455011
47.328074,200,1220.793895,190,178,190,0.5389487157762051,0.0,low|calm|clean,"('low', 'calm', 'clean')",nonstationary_seen,1.9799491167068484,2.6755370706319845
48.206627,200,1237.922091,188,12,188,0.9266216768324376,0.0,low|aggr|clean,"('low', 'aggr', 'clean')",nonstationary_seen,1.9935047948360443,6.403451237455011
48.910596,200,1253.631849,197,16,197,1.065557459741831,0.0,low|calm|noisy,"('low', 'calm', 'noisy')",nonstationary_seen,1.9935047948360443,6.403451237455011
46.373597,200,1268.487484,199,186,199,1.0536597795784473,0.0,low|calm|clean,"('low', 'calm', 'clean')",nonstationary_seen,1.9799491167068484,2.6755370706319845
49.89951,200,1284.908082,196,85,196,0.7035475304722786,0.0,low|aggr|clean,"('low', 'aggr', 'clean')",nonstationary_seen,1.9935047948360443,6.403451237455011
46.908978,200,1299.950583,190,91,190,0.6741401684284211,0.0,low|calm|noisy,"('low', 'calm', 'noisy')",nonstationary_seen,1.9935047948360443,6.403451237455011
51.454234,200,1318.696605,188,179,188,0.9938238161802292,0.0,low|calm|clean,"('low', 'calm', 'clean')",nonstationary_seen,1.9799491167068484,2.6755370706319845
49.45063,200,1333.516814,198,10,198,1.0624212282896042,0.0,low|aggr|clean,"('low', 'aggr', 'clean')",nonstationary_seen,1.9935047948360443,6.403451237455011
49.846518,200,1349.391571,188,84,188,0.6689477294683457,0.0,low|calm|noisy,"('low', 'calm', 'noisy')",nonstationary_seen,1.9935047948360443,6.403451237455011
48.256971,200,1365.565666,197,187,197,1.0406656098365783,0.0,low|calm|clean,"('low', 'calm', 'clean')",nonstationary_seen,1.9799491167068484,2.6755370706319845
53.117658,200,1382.164952,186,50,186,0.6778666906058788,0.0,low|aggr|clean,"('low', 'aggr', 'clean')",nonstationary_seen,1.9935047948360443,6.403451237455011
60.403537,200,1397.895357,188,14,188,0.9758375579118729,0.0,low|calm|noisy,"('low', 'calm', 'noisy')",nonstationary_seen,1.9935047948360443,6.403451237455011
10.250421,12,1398.843509,12,11,12,1.1537698954343796,0.0,low|calm|clean,"('low', 'calm', 'clean')",nonstationary_seen,1.9799491167068484,2.6755370706319845
17.776724,21,1400.548696,19,10,19,1.0643394901638938,0.0,low|aggr|clean,"('low', 'aggr', 'clean')",nonstationary_seen,1.9935047948360443,6.403451237455011
16.465302,19,1402.190069,16,13,16,1.079297970784338,0.0,low|calm|noisy,"('low', 'calm', 'noisy')",nonstationary_seen,1.9935047948360443,6.403451237455011
16.388401,19,1403.673545,18,16,18,1.2231756009553607,0.0,low|calm|clean,"('low', 'calm', 'clean')",nonstationary_seen,1.9799491167068484,2.6755370706319845
5.061017,6,1404.203872,6,6,6,1.5512227217356365,0.0,low|aggr|clean,"('low', 'aggr', 'clean')",nonstationary_seen,1.9935047948360443,6.403451237455011
13.305882,19,1405.639384,19,17,19,1.4117750619587146,0.0,low|calm|noisy,"('low', 'calm', 'noisy')",nonstationary_seen,1.9935047948360443,6.403451237455011
13.305882,19,1407.147998,19,19,19,1.4403574027513202,0.0,low|calm|clean,"('low', 'calm', 'clean')",nonstationary_seen,1.9799491167068484,2.6755370706319845
13.305882,19,1408.595115,19,18,19,1.4511522117413973,0.0,low|aggr|clean,"('low', 'aggr', 'clean')",nonstationary_seen,1.9935047948360443,6.403451237455011
16.361111,19,1410.185162,19,14,19,1.291477813532478,0.0,low|calm|noisy,"('low', 'calm', 'noisy')",nonstationary_seen,1.9935047948360443,6.403451237455011
13.305882,19,1411.66583,19,19,19,1.4201384876903735,0.0,low|calm|clean,"('low', 'calm', 'clean')",nonstationary_seen,1.9799491167068484,2.6755370706319845
13.305882,19,1413.189269,19,18,19,1.429548037679572,0.0,low|aggr|clean,"('low', 'aggr', 'clean')",nonstationary_seen,1.9935047948360443,6.403451237455011
13.305882,19,1414.825462,19,18,19,1.4396633882271617,0.0,low|calm|noisy,"('low', 'calm', 'noisy')",nonstationary_seen,1.9935047948360443,6.403451237455011
13.305882,19,1417.329323,19,18,19,1.352847723584426,0.0,low|calm|clean,"('low', 'calm', 'clean')",nonstationary_seen,1.9799491167068484,2.6755370706319845
16.361111,19,1419.551784,19,14,19,1.2883500990114714,0.0,low|aggr|clean,"('low', 'aggr', 'clean')",nonstationary_seen,1.9935047948360443,6.403451237455011
4.162399,5,1419.939144,5,5,5,1.483102011680603,0.0,low|calm|noisy,"('low', 'calm', 'noisy')",nonstationary_seen,1.9935047948360443,6.403451237455011
16.361111,19,1422.167251,19,19,19,1.3957333752983494,0.0,low|calm|clean,"('low', 'calm', 'clean')",nonstationary_seen,1.9799491167068484,2.6755370706319845
13.305882,19,1423.685785,19,17,19,1.3896973352683217,0.0,low|aggr|clean,"('low', 'aggr', 'clean')",nonstationary_seen,1.9935047948360443,6.403451237455011
13.305882,19,1425.246072,19,16,19,1.324559018800133,0.0,low|calm|noisy,"('low', 'calm', 'noisy')",nonstationary_seen,1.9935047948360443,6.403451237455011
13.305882,19,1426.832589,19,19,19,1.321707154575147,0.0,low|calm|clean,"('low', 'calm', 'clean')",nonstationary_seen,1.9799491167068484,2.6755370706319845
5.041617,6,1427.361524,6,6,6,1.4875945647557576,0.0,low|aggr|clean,"('low', 'aggr', 'clean')",nonstationary_seen,1.9935047948360443,6.403451237455011
4.150333,5,1427.749532,5,5,5,1.3756471395492553,0.0,low|calm|noisy,"('low', 'calm', 'noisy')",nonstationary_seen,1.9935047948360443,6.403451237455011
13.305882,19,1429.314068,19,19,19,1.3312859974409406,0.0,low|calm|clean,"('low', 'calm', 'clean')",nonstationary_seen,1.9799491167068484,2.6755370706319845
16.361111,19,1430.797499,19,11,19,1.1126508602970524,0.0,low|aggr|clean,"('low', 'aggr', 'clean')",nonstationary_seen,1.9935047948360443,6.403451237455011
9.425767,11,1431.689064,11,8,11,1.4232982776381753,0.0,low|calm|noisy,"('low', 'calm', 'noisy')",nonstationary_seen,1.9935047948360443,6.403451237455011
16.361111,19,1433.220389,19,18,19,1.147575174507342,0.0,low|calm|clean,"('low', 'calm', 'clean')",nonstationary_seen,1.9799491167068484,2.6755370706319845
16.361111,19,1434.840986,19,8,19,1.1761877975965802,0.0,low|aggr|clean,"('low', 'aggr', 'clean')",nonstationary_seen,1.9935047948360443,6.403451237455011
4.138429,5,1435.288035,5,3,5,1.2483589887619018,0.0,low|calm|noisy,"('low', 'calm', 'noisy')",nonstationary_seen,1.9935047948360443,6.403451237455011
9.470247,11,1436.127393,11,11,11,1.448978142304854,0.0,low|calm|clean,"('low', 'calm', 'clean')",nonstationary_seen,1.9799491167068484,2.6755370706319845
13.305882,19,1437.797968,19,14,19,1.2999542135941355,0.0,low|aggr|clean,"('low', 'aggr', 'clean')",nonstationary_seen,1.9935047948360443,6.403451237455011
16.986156,20,1439.494684,20,16,20,1.4026518970727921,0.0,low|calm|noisy,"('low', 'calm', 'noisy')",nonstationary_seen,1.9935047948360443,6.403451237455011
16.361111,19,1441.003346,19,19,19,1.3803860043224536,0.0,low|calm|clean,"('low', 'calm', 'clean')",nonstationary_seen,1.9799491167068484,2.6755370706319845
16.361111,19,1442.549902,19,12,19,1.1497008831877458,0.0,low|aggr|clean,"('low', 'aggr', 'clean')",nonstationary_seen,1.9935047948360443,6.403451237455011
13.305882,19,1443.998645,19,14,19,1.3290999657229374,0.0,low|calm|noisy,"('low', 'calm', 'noisy')",nonstationary_seen,1.9935047948360443,6.403451237455011
4.190285,5,1444.446701,5,5,5,1.229849672317505,0.0,low|calm|clean,"('low', 'calm', 'clean')",nonstationary_seen,1.9799491167068484,2.6755370706319845
16.977156,20,1445.948584,20,18,20,1.3603728979825973,0.0,low|aggr|clean,"('low', 'aggr', 'clean')",nonstationary_seen,1.9935047948360443,6.403451237455011
13.305882,19,1447.423024,19,16,19,1.378323987910622,0.0,low|calm|noisy,"('low', 'calm', 'noisy')",nonstationary_seen,1.9935047948360443,6.403451237455011
16.361111,19,1448.924552,19,19,19,1.346487559770283,0.0,low|calm|clean,"('low', 'calm', 'clean')",nonstationary_seen,1.9799491167068484,2.6755370706319845
13.305882,19,1450.360961,19,15,19,1.3372930539281744,0.0,low|aggr|clean,"('low', 'aggr', 'clean')",nonstationary_seen,1.9935047948360443,6.403451237455011
13.305882,19,1451.907942,19,14,19,1.33661487227992,0.0,low|calm|noisy,"('low', 'calm', 'noisy')",nonstationary_seen,1.9935047948360443,6.403451237455011
16.361111,19,1453.424104,19,18,19,1.1707679221504612,0.0,low|calm|clean,"('low', 'calm', 'clean')",nonstationary_seen,1.9799491167068484,2.6755370706319845
16.361111,19,1454.949654,19,11,19,1.169521251791402,0.0,low|aggr|clean,"('low', 'aggr', 'clean')",nonstationary_seen,1.9935047948360443,6.403451237455011
16.321249,19,1456.55103,19,11,19,1.2404290939632214,0.0,low|calm|noisy,"('low', 'calm', 'noisy')",nonstationary_seen,1.9935047948360443,6.403451237455011
16.361111,19,1458.018964,19,19,19,1.2669017063943964,0.0,low|calm|clean,"('low', 'calm', 'clean')",nonstationary_seen,1.9799491167068484,2.6755370706319845
5.032825,6,1458.556927,6,6,6,1.4067015449206035,0.0,low|aggr|clean,"('low', 'aggr', 'clean')",nonstationary_seen,1.9935047948360443,6.403451237455011
16.361111,19,1460.095699,19,14,19,1.3159081496690448,0.0,low|calm|noisy,"('low', 'calm', 'noisy')",nonstationary_seen,1.9935047948360443,6.403451237455011
8.581913,10,1460.911572,10,10,10,1.439283150434494,0.0,low|calm|clean,"('low', 'calm', 'clean')",nonstationary_seen,1.9799491167068484,2.6755370706319845
16.361111,19,1462.494839,19,15,19,1.3633171916007996,0.0,low|aggr|clean,"('low', 'aggr', 'clean')",nonstationary_seen,1.9935047948360443,6.403451237455011
13.305882,19,1464.142573,19,18,19,1.4000804612511082,0.0,low|calm|noisy,"('low', 'calm', 'noisy')",nonstationary_seen,1.9935047948360443,6.403451237455011
4.150333,5,1464.67251,5,5,5,1.367531943321228,0.0,low|calm|clean,"('low', 'calm', 'clean')",nonstationary_seen,1.9799491167068484,2.6755370706319845
16.355082,19,1467.300864,19,13,19,1.235481437883879,0.0,low|aggr|clean,"('low', 'aggr', 'clean')",nonstationary_seen,1.9935047948360443,6.403451237455011
4.150333,5,1467.883878,5,4,5,1.277827262878418,0.0,low|calm|noisy,"('low', 'calm', 'noisy')",nonstationary_seen,1.9935047948360443,6.403451237455011
13.305882,19,1469.95487,19,19,19,1.4015245751330727,0.0,low|calm|clean,"('low', 'calm', 'clean')",nonstationary_seen,1.9799491167068484,2.6755370706319845
16.361111,19,1471.823837,19,13,19,1.1877840427975905,0.0,low|aggr|clean,"('low', 'aggr', 'clean')",nonstationary_seen,1.9935047948360443,6.403451237455011
9.496279,11,1473.10217,11,10,11,1.4646926576440984,0.0,low|calm|noisy,"('low', 'calm', 'noisy')",nonstationary_seen,1.9935047948360443,6.403451237455011
16.361111,19,1474.720555,19,19,19,1.3052174637192173,0.0,low|calm|clean,"('low', 'calm', 'clean')",nonstationary_seen,1.9799491167068484,2.6755370706319845
16.361111,19,1476.319175,19,15,19,1.3115180197514986,0.0,low|aggr|clean,"('low', 'aggr', 'clean')",nonstationary_seen,1.9935047948360443,6.403451237455011
13.305882,19,1477.783276,19,18,19,1.4296621303809316,0.0,low|calm|noisy,"('low', 'calm', 'noisy')",nonstationary_seen,1.9935047948360443,6.403451237455011
4.175281,5,1478.175826,5,5,5,1.4935244798660279,0.0,low|calm|clean,"('low', 'calm', 'clean')",nonstationary_seen,1.9799491167068484,2.6755370706319845
16.361111,19,1479.723641,19,14,19,1.2982793795435053,0.0,low|aggr|clean,"('low', 'aggr', 'clean')",nonstationary_seen,1.9935047948360443,6.403451237455011
13.305882,19,1481.264998,19,18,19,1.4254627227783203,0.0,low|calm|noisy,"('low', 'calm', 'noisy')",nonstationary_seen,1.9935047948360443,6.403451237455011
13.305882,19,1482.852761,19,19,19,1.4020241498947144,0.0,low|calm|clean,"('low', 'calm', 'clean')",nonstationary_seen,1.9799491167068484,2.6755370706319845
9.430973,11,1483.811201,11,11,11,1.5338625257665461,0.0,low|aggr|clean,"('low', 'aggr', 'clean')",nonstationary_seen,1.9935047948360443,6.403451237455011
9.420883,11,1484.655889,11,11,11,1.5421493270180442,0.0,low|calm|noisy,"('low', 'calm', 'noisy')",nonstationary_seen,1.9935047948360443,6.403451237455011
13.305882,19,1486.111223,19,19,19,1.4074264074626721,0.0,low|calm|clean,"('low', 'calm', 'clean')",nonstationary_seen,1.9799491167068484,2.6755370706319845
9.506119,11,1487.251948,11,11,11,1.5346086892214688,0.0,low|aggr|clean,"('low', 'aggr', 'clean')",nonstationary_seen,1.9935047948360443,6.403451237455011
16.361111,19,1488.861104,19,17,19,1.3193508198386745,0.0,low|calm|noisy,"('low', 'calm', 'noisy')",nonstationary_seen,1.9935047948360443,6.403451237455011
13.305518,19,1490.314517,19,19,19,1.3986737226185046,0.0,low|calm|clean,"('low', 'calm', 'clean')",nonstationary_seen,1.9799491167068484,2.6755370706319845
16.361111,19,1491.955586,19,14,19,1.3335009625083523,0.0,low|aggr|clean,"('low', 'aggr', 'clean')",nonstationary_seen,1.9935047948360443,6.403451237455011
5.032825,6,1492.424346,6,6,6,1.51173601547877,0.0,low|calm|noisy,"('low', 'calm', 'noisy')",nonstationary_seen,1.9935047948360443,6.403451237455011
4.203712,5,1492.845885,5,5,5,1.5379269123077393,0.0,low|calm|clean,"('low', 'calm', 'clean')",nonstationary_seen,1.9799491167068484,2.6755370706319845
16.361111,19,1494.471095,19,15,19,1.3762196929831254,0.0,low|aggr|clean,"('low', 'aggr', 'clean')",nonstationary_seen,1.9935047948360443,6.403451237455011
5.016873,6,1495.026071,6,6,6,1.5350488622983296,0.0,low|calm|noisy,"('low', 'calm', 'noisy')",nonstationary_seen,1.9935047948360443,6.403451237455011
9.420883,11,1495.947626,11,11,11,1.5518238110975786,0.0,low|calm|clean,"('low', 'calm', 'clean')",nonstationary_seen,1.9799491167068484,2.6755370706319845
4.219383,5,1496.37014,5,5,5,1.5355068683624267,0.0,low|aggr|clean,"('low', 'aggr', 'clean')",nonstationary_seen,1.9935047948360443,6.403451237455011
16.361111,19,1497.978718,19,15,19,1.3425178935653286,0.0,low|calm|noisy,"('low', 'calm', 'noisy')",nonstationary_seen,1.9935047948360443,6.403451237455011
13.305882,19,1499.419759,19,19,19,1.463721883924384,0.0,low|calm|clean,"('low', 'calm', 'clean')",nonstationary_seen,1.9799491167068484,2.6755370706319845
16.361111,19,1500.986162,19,16,19,1.3896542473843223,0.0,low|aggr|clean,"('low', 'aggr', 'clean')",nonstationary_seen,1.9935047948360443,6.403451237455011
8.64646,10,1501.852615,10,10,10,1.5738823771476746,0.0,low|calm|noisy,"('low', 'calm', 'noisy')",nonstationary_seen,1.9935047948360443,6.403451237455011
9.420883,11,1502.75664,11,11,11,1.5684702504764905,0.0,low|calm|clean,"('low', 'calm', 'clean')",nonstationary_seen,1.9799491167068484,2.6755370706319845
5.009644,6,1503.205286,6,6,6,1.5781283577283223,0.0,low|aggr|clean,"('low', 'aggr', 'clean')",nonstationary_seen,1.9935047948360443,6.403451237455011
4.189032,5,1503.587144,5,5,5,1.501208209991455,0.0,low|calm|noisy,"('low', 'calm', 'noisy')",nonstationary_seen,1.9935047948360443,6.403451237455011
13.305882,19,1505.11165,19,19,19,1.47523538062447,0.0,low|calm|clean,"('low', 'calm', 'clean')",nonstationary_seen,1.9799491167068484,2.6755370706319845
13.305882,19,1506.590429,19,17,19,1.4722341518653066,0.0,low|aggr|clean,"('low', 'aggr', 'clean')",nonstationary_seen,1.9935047948360443,6.403451237455011
13.305882,19,1508.110795,19,18,19,1.482772287569548,0.0,low|calm|noisy,"('low', 'calm', 'noisy')",nonstationary_seen,1.9935047948360443,6.403451237455011
4.175281,5,1508.495724,5,5,5,1.5860357522964477,0.0,low|calm|clean,"('low', 'calm', 'clean')",nonstationary_seen,1.9799491167068484,2.6755370706319845
4.118526,5,1508.95529,5,5,5,1.5525039672851562,0.0,low|aggr|clean,"('low', 'aggr', 'clean')",nonstationary_seen,1.9935047948360443,6.403451237455011
16.361111,19,1510.513507,19,15,19,1.4101149690778632,0.0,low|calm|noisy,"('low', 'calm', 'noisy')",nonstationary_seen,1.9935047948360443,6.403451237455011
16.361111,19,1512.016291,19,19,19,1.4657159918232967,0.0,low|calm|clean,"('low', 'calm', 'clean')",nonstationary_seen,1.9799491167068484,2.6755370706319845
16.361111,19,1513.517671,19,19,19,1.4349679570449025,0.0,low|aggr|clean,"('low', 'aggr', 'clean')",nonstationary_seen,1.9935047948360443,6.403451237455011
13.305882,19,1515.09766,19,19,19,1.5098966297350431,0.0,low|calm|noisy,"('low', 'calm', 'noisy')",nonstationary_seen,1.9935047948360443,6.403451237455011
16.361111,19,1516.579808,19,19,19,1.4122375438087864,0.0,low|calm|clean,"('low', 'calm', 'clean')",nonstationary_seen,1.9799491167068484,2.6755370706319845
13.305882,19,1518.12689,19,19,19,1.5194532620279413,0.0,low|aggr|clean,"('low', 'aggr', 'clean')",nonstationary_seen,1.9935047948360443,6.403451237455011
13.305882,19,1519.558922,19,19,19,1.516684519617181,0.0,low|calm|noisy,"('low', 'calm', 'noisy')",nonstationary_seen,1.9935047948360443,6.403451237455011
9.506119,11,1520.684216,11,11,11,1.5901609334078701,0.0,low|calm|clean,"('low', 'calm', 'clean')",nonstationary_seen,1.9799491167068484,2.6755370706319845
16.361111,19,1522.860298,19,17,19,1.4283684774448997,0.0,low|aggr|clean,"('low', 'aggr', 'clean')",nonstationary_seen,1.9935047948360443,6.403451237455011
16.361111,19,1525.091186,19,18,19,1.434145776849044,0.0,low|calm|noisy,"('low', 'calm', 'noisy')",nonstationary_seen,1.9935047948360443,6.403451237455011
8.588291,10,1525.939841,10,10,10,1.5849311828613282,0.0,low|calm|clean,"('low', 'calm', 'clean')",nonstationary_seen,1.9799491167068484,2.6755370706319845
16.361111,19,1528.080152,19,17,19,1.4304372009478117,0.0,low|aggr|clean,"('low', 'aggr', 'clean')",nonstationary_seen,1.9935047948360443,6.403451237455011
16.361111,19,1529.59371,19,19,19,1.4870741367340088,0.0,low|calm|noisy,"('low', 'calm', 'noisy')",nonstationary_seen,1.9935047948360443,6.403451237455011
4.150333,5,1530.079817,5,5,5,1.5867375373840331,0.0,low|calm|clean,"('low', 'calm', 'clean')",nonstationary_seen,1.9799491167068484,2.6755370706319845
8.602343,10,1530.834379,10,10,10,1.5918039321899413,0.0,low|aggr|clean,"('low', 'aggr', 'clean')",nonstationary_seen,1.9935047948360443,6.403451237455011
16.361111,19,1532.392701,19,19,19,1.4668525457382202,0.0,low|calm|noisy,"('low', 'calm', 'noisy')",nonstationary_seen,1.9935047948360443,6.403451237455011
9.430973,11,1533.27451,11,11,11,1.5855955427343196,0.0,low|calm|clean,"('low', 'calm', 'clean')",nonstationary_seen,1.9799491167068484,2.6755370706319845
16.361111,19,1534.752113,19,18,19,1.4887060993596126,0.0,low|aggr|clean,"('low', 'aggr', 'clean')",nonstationary_seen,1.9935047948360443,6.403451237455011
8.668457,10,1535.640034,10,10,10,1.5896006107330323,0.0,low|calm|noisy,"('low', 'calm', 'noisy')",nonstationary_seen,1.9935047948360443,6.403451237455011
13.305882,19,1537.113848,19,19,19,1.5338008215552883,0.0,low|calm|clean,"('low', 'calm', 'clean')",nonstationary_seen,1.9799491167068484,2.6755370706319845
13.305882,19,1538.602916,19,19,19,1.5538225675884045,0.0,low|aggr|clean,"('low', 'aggr', 'clean')",nonstationary_seen,1.9935047948360443,6.403451237455011
8.668457,10,1539.40832,10,10,10,1.5904808163642883,0.0,low|calm|noisy,"('low', 'calm', 'noisy')",nonstationary_seen,1.9935047948360443,6.403451237455011
13.305882,19,1540.948211,19,19,19,1.5280777215957642,0.0,low|calm|clean,"('low', 'calm', 'clean')",nonstationary_seen,1.9799491167068484,2.6755370706319845
16.361111,19,1542.934909,19,19,19,1.4663486606196354,0.0,low|aggr|clean,"('low', 'aggr', 'clean')",nonstationary_seen,1.9935047948360443,6.403451237455011
13.305882,19,1544.570017,19,19,19,1.5380811628542448,0.0,low|calm|noisy,"('low', 'calm', 'noisy')",nonstationary_seen,1.9935047948360443,6.403451237455011
13.305882,19,1546.135688,19,19,19,1.5539737437900745,0.0,low|calm|clean,"('low', 'calm', 'clean')",nonstationary_seen,1.9799491167068484,2.6755370706319845
16.361111,19,1547.932652,19,19,19,1.4707234344984357,0.0,low|aggr|clean,"('low', 'aggr', 'clean')",nonstationary_seen,1.9935047948360443,6.403451237455011
9.462617,11,1548.875135,11,11,11,1.591478011824868,0.0,low|calm|noisy,"('low', 'calm', 'noisy')",nonstationary_seen,1.9935047948360443,6.403451237455011
13.305882,19,1550.410395,19,19,19,1.5521779813264545,0.0,low|calm|clean,"('low', 'calm', 'clean')",nonstationary_seen,1.9799491167068484,2.6755370706319845
16.361111,19,1552.501601,19,19,19,1.4995119885394448,0.0,low|aggr|clean,"('low', 'aggr', 'clean')",nonstationary_seen,1.9935047948360443,6.403451237455011
13.305882,19,1554.435523,19,19,19,1.5601712904478375,0.0,low|calm|noisy,"('low', 'calm', 'noisy')",nonstationary_seen,1.9935047948360443,6.403451237455011
9.448739,11,1555.730597,11,11,11,1.5906404690309004,0.0,low|calm|clean,"('low', 'calm', 'clean')",nonstationary_seen,1.9799491167068484,2.6755370706319845
16.361111,19,1557.701368,19,19,19,1.5113617119036222,0.0,low|aggr|clean,"('low', 'aggr', 'clean')",nonstationary_seen,1.9935047948360443,6.403451237455011
8.657107,10,1558.736409,10,10,10,1.5966362357139587,0.0,low|calm|noisy,"('low', 'calm', 'noisy')",nonstationary_seen,1.9935047948360443,6.403451237455011
9.487045,11,1559.907793,11,11,11,1.589987418868325,0.0,low|calm|clean,"('low', 'calm', 'clean')",nonstationary_seen,1.9799491167068484,2.6755370706319845
16.361111,19,1562.204993,19,19,19,1.4951904321971692,0.0,low|aggr|clean,"('low', 'aggr', 'clean')",nonstationary_seen,1.9935047948360443,6.403451237455011
13.305882,19,1564.544315,19,19,19,1.551775574684143,0.0,low|calm|noisy,"('low', 'calm', 'noisy')",nonstationary_seen,1.9935047948360443,6.403451237455011
13.305882,19,1567.057693,19,19,19,1.5493349903508236,0.0,low|calm|clean,"('low', 'calm', 'clean')",nonstationary_seen,1.9799491167068484,2.6755370706319845
13.305882,19,1569.314912,19,19,19,1.536200065361826,0.0,low|aggr|clean,"('low', 'aggr', 'clean')",nonstationary_seen,1.9935047948360443,6.403451237455011
16.361111,19,1571.319114,19,19,19,1.4474410383324874,0.0,low|calm|noisy,"('low', 'calm', 'noisy')",nonstationary_seen,1.9935047948360443,6.403451237455011
16.361111,19,1573.308073,19,19,19,1.4520706126564427,0.0,low|calm|clean,"('low', 'calm', 'clean')",nonstationary_seen,1.9799491167068484,2.6755370706319845
13.305882,19,1575.182137,19,19,19,1.5419074798885144,0.0,low|aggr|clean,"('low', 'aggr', 'clean')",nonstationary_seen,1.9935047948360443,6.403451237455011
13.305882,19,1577.110992,19,19,19,1.508361069779647,0.0,low|calm|noisy,"('low', 'calm', 'noisy')",nonstationary_seen,1.9935047948360443,6.403451237455011
13.305882,19,1578.991351,19,19,19,1.529590274158277,0.0,low|calm|clean,"('low', 'calm', 'clean')",nonstationary_seen,1.9799491167068484,2.6755370706319845
16.361111,19,1580.963175,19,19,19,1.507022042023508,0.0,low|aggr|clean,"('low', 'aggr', 'clean')",nonstationary_seen,1.9935047948360443,6.403451237455011
8.581913,10,1582.245705,10,10,10,1.5833006858825684,0.0,low|calm|noisy,"('low', 'calm', 'noisy')",nonstationary_seen,1.9935047948360443,6.403451237455011
9.436522,11,1583.70542,11,11,11,1.5775453502481633,0.0,low|calm|clean,"('low', 'calm', 'clean')",nonstationary_seen,1.9799491167068484,2.6755370706319845
16.361111,19,1586.148558,19,19,19,1.5026781433507015,0.0,low|aggr|clean,"('low', 'aggr', 'clean')",nonstationary_seen,1.9935047948360443,6.403451237455011
13.305882,19,1588.653765,19,19,19,1.5215058326721191,0.0,low|calm|noisy,"('low', 'calm', 'noisy')",nonstationary_seen,1.9935047948360443,6.403451237455011
5.009644,6,1589.454303,6,6,6,1.5888575712839763,0.0,low|calm|clean,"('low', 'calm', 'clean')",nonstationary_seen,1.9799491167068484,2.6755370706319845
16.361111,19,1591.455581,19,19,19,1.490302612907008,0.0,low|aggr|clean,"('low', 'aggr', 'clean')",nonstationary_seen,1.9935047948360443,6.403451237455011
16.361111,19,1593.601178,19,19,19,1.463428020477295,0.0,low|calm|noisy,"('low', 'calm', 'noisy')",nonstationary_seen,1.9935047948360443,6.403451237455011
16.361111,19,1595.673666,19,19,19,1.4484669534783614,0.0,low|calm|clean,"('low', 'calm', 'clean')",nonstationary_seen,1.9799491167068484,2.6755370706319845
13.305882,19,1597.691153,19,19,19,1.5150396572916132,0.0,low|aggr|clean,"('low', 'aggr', 'clean')",nonstationary_seen,1.9935047948360443,6.403451237455011
16.361111,19,1599.67419,19,19,19,1.484351440479881,0.0,low|calm|noisy,"('low', 'calm', 'noisy')",nonstationary_seen,1.9935047948360443,6.403451237455011
13.305882,19,1601.736808,19,19,19,1.5312785725844533,0.0,low|calm|clean,"('low', 'calm', 'clean')",nonstationary_seen,1.9799491167068484,2.6755370706319845
16.361111,19,1604.143082,19,19,19,1.5037901903453625,0.0,low|aggr|clean,"('low', 'aggr', 'clean')",nonstationary_seen,1.9935047948360443,6.403451237455011
16.361111,19,1606.719445,19,19,19,1.5027583461058767,0.0,low|calm|noisy,"('low', 'calm', 'noisy')",nonstationary_seen,1.9935047948360443,6.403451237455011
13.305882,19,1609.42437,19,19,19,1.5539466268137883,0.0,low|calm|clean,"('low', 'calm', 'clean')",nonstationary_seen,1.9799491167068484,2.6755370706319845
16.361111,19,1611.436483,19,19,19,1.5004848555514687,0.0,low|aggr|clean,"('low', 'aggr', 'clean')",nonstationary_seen,1.9935047948360443,6.403451237455011
13.305882,19,1613.408927,19,19,19,1.5074262744502018,0.0,low|calm|noisy,"('low', 'calm', 'noisy')",nonstationary_seen,1.9935047948360443,6.403451237455011
8.64646,10,1614.612922,10,10,10,1.588633668422699,0.0,low|calm|clean,"('low', 'calm', 'clean')",nonstationary_seen,1.9799491167068484,2.6755370706319845
4.128443,5,1615.290455,5,5,5,1.5643619060516358,0.0,low|aggr|clean,"('low', 'aggr', 'clean')",nonstationary_seen,1.9935047948360443,6.403451237455011
13.305882,19,1617.862077,19,19,19,1.5432728278009515,0.0,low|calm|noisy,"('low', 'calm', 'noisy')",nonstationary_seen,1.9935047948360443,6.403451237455011
5.002872,6,1618.689,6,6,6,1.589702586332957,0.0,low|calm|clean,"('low', 'calm', 'clean')",nonstationary_seen,1.9799491167068484,2.6755370706319845
9.478379,11,1620.136158,11,11,11,1.5759336406534368,0.0,low|aggr|clean,"('low', 'aggr', 'clean')",nonstationary_seen,1.9935047948360443,6.403451237455011
13.305882,19,1622.408484,19,19,19,1.5717143698742515,0.0,low|calm|noisy,"('low', 'calm', 'noisy')",nonstationary_seen,1.9935047948360443,6.403451237455011
13.305882,19,1627.143023,19,19,19,1.5099534737436395,0.0,low|calm|clean,"('low', 'calm', 'clean')",nonstationary_seen,1.9799491167068484,2.6755370706319845
16.361111,19,1631.762693,19,19,19,1.51377997272893,0.0,low|aggr|clean,"('low', 'aggr', 'clean')",nonstationary_seen,1.9935047948360443,6.403451237455011
13.305882,19,1633.930182,19,19,19,1.5209719068125676,0.0,low|calm|noisy,"('low', 'calm', 'noisy')",nonstationary_seen,1.9935047948360443,6.403451237455011
13.305882,19,1635.940217,19,19,19,1.4982689242613942,0.0,low|calm|clean,"('low', 'calm', 'clean')",nonstationary_seen,1.9799491167068484,2.6755370706319845
16.361111,19,1638.024131,19,19,19,1.4801010646318133,0.0,low|aggr|clean,"('low', 'aggr', 'clean')",nonstationary_seen,1.9935047948360443,6.403451237455011
16.361111,19,1640.224262,19,19,19,1.527069280022069,0.0,low|calm|noisy,"('low', 'calm', 'noisy')",nonstationary_seen,1.9935047948360443,6.403451237455011
16.361111,19,1642.179085,19,19,19,1.5452418390073275,0.0,low|calm|clean,"('low', 'calm', 'clean')",nonstationary_seen,1.9799491167068484,2.6755370706319845
16.361111,19,1644.315351,19,19,19,1.5329684019088745,0.0,low|aggr|clean,"('low', 'aggr', 'clean')",nonstationary_seen,1.9935047948360443,6.403451237455011
4.203712,5,1645.221964,5,5,5,1.590407705307007,0.0,low|calm|noisy,"('low', 'calm', 'noisy')",nonstationary_seen,1.9935047948360443,6.403451237455011
9.436522,11,1646.689581,11,11,11,1.5794806588779797,0.0,low|calm|clean,"('low', 'calm', 'clean')",nonstationary_seen,1.9799491167068484,2.6755370706319845
16.361111,19,1649.174203,19,19,19,1.5478736977828176,0.0,low|aggr|clean,"('low', 'aggr', 'clean')",nonstationary_seen,1.9935047948360443,6.403451237455011
13.305882,19,1651.502204,19,19,19,1.5252209588101036,0.0,low|calm|noisy,"('low', 'calm', 'noisy')",nonstationary_seen,1.9935047948360443,6.403451237455011
4.150333,5,1652.080686,5,5,5,1.5930209398269652,0.0,low|calm|clean,"('low', 'calm', 'clean')",nonstationary_seen,1.9799491167068484,2.6755370706319845
13.305882,19,1655.267761,19,19,19,1.5655159385580766,0.0,low|aggr|clean,"('low', 'aggr', 'clean')",nonstationary_seen,1.9935047948360443,6.403451237455011
16.361111,19,1657.236633,19,19,19,1.5271539876335545,0.0,low|calm|noisy,"('low', 'calm', 'noisy')",nonstationary_seen,1.9935047948360443,6.403451237455011
8.636473,10,1658.252975,10,10,10,1.5897473216056823,0.0,low|calm|clean,"('low', 'calm', 'clean')",nonstationary_seen,1.9799491167068484,2.6755370706319845
13.305882,19,1660.221548,19,19,19,1.560928790192855,0.0,low|aggr|clean,"('low', 'aggr', 'clean')",nonstationary_seen,1.9935047948360443,6.403451237455011
