#{"t_start": 1773879358.9089994, "env_id": "merge-v0"}
r,l,t,violation_count,near_miss_count,shield_count,action_correction_mean,reward_penalty_sum,ctx_id,ctx_tuple,regime_type,tau_violation,tau_near_miss
52.051085,200,15.266053,181,155,181,0.7332123517990112,0.0,high|aggr|noisy,"('high', 'aggr', 'noisy')",nonstationary_unseen,1.9607515096664432,2.707141721248626
-2.776628,200,31.405674,184,18,184,0.7756536176800728,0.0,high|aggr|dropout,"('high', 'aggr', 'dropout')",nonstationary_unseen,1.9921503019332887,6.941428344249726
49.482318,200,48.585671,181,26,181,0.7262533697485923,0.0,high|calm|noisy,"('high', 'calm', 'noisy')",nonstationary_unseen,1.988705393075943,6.4113524001091715
49.295057,200,69.092227,171,151,171,0.6812857100367546,0.0,high|aggr|noisy,"('high', 'aggr', 'noisy')",nonstationary_unseen,1.9607515096664432,2.707141721248626
26.159279,92,78.501369,81,13,81,0.7328664939040723,0.0,high|aggr|dropout,"('high', 'aggr', 'dropout')",nonstationary_unseen,1.9921503019332887,6.941428344249726
51.83435,200,95.583943,176,38,176,0.7463130390644074,0.0,high|calm|noisy,"('high', 'calm', 'noisy')",nonstationary_unseen,1.988705393075943,6.4113524001091715
36.95081,144,107.083488,133,117,133,0.7721384347726902,0.0,high|aggr|noisy,"('high', 'aggr', 'noisy')",nonstationary_unseen,1.9607515096664432,2.707141721248626
51.149447,200,123.206295,171,23,171,0.7192254558205604,0.0,high|aggr|dropout,"('high', 'aggr', 'dropout')",nonstationary_unseen,1.9921503019332887,6.941428344249726
40.763474,160,136.201504,143,25,143,0.7144447749480605,0.0,high|calm|noisy,"('high', 'calm', 'noisy')",nonstationary_unseen,1.988705393075943,6.4113524001091715
46.179812,200,152.442904,189,163,189,0.7677625949680805,0.0,high|aggr|noisy,"('high', 'aggr', 'noisy')",nonstationary_unseen,1.9607515096664432,2.707141721248626
33.140958,94,160.631175,82,5,82,0.6510934595097887,0.0,high|aggr|dropout,"('high', 'aggr', 'dropout')",nonstationary_unseen,1.9921503019332887,6.941428344249726
13.267367,17,162.734265,16,3,16,0.7863205215510201,0.0,high|calm|noisy,"('high', 'calm', 'noisy')",nonstationary_unseen,1.988705393075943,6.4113524001091715
37.934153,163,177.219867,144,132,144,0.7012460851596177,0.0,high|aggr|noisy,"('high', 'aggr', 'noisy')",nonstationary_unseen,1.9607515096664432,2.707141721248626
46.394534,200,193.856956,181,25,181,0.733234983086586,0.0,high|aggr|dropout,"('high', 'aggr', 'dropout')",nonstationary_unseen,1.9921503019332887,6.941428344249726
50.751744,200,211.016804,185,34,185,0.7451411820948124,0.0,high|calm|noisy,"('high', 'calm', 'noisy')",nonstationary_unseen,1.988705393075943,6.4113524001091715
28.734324,95,219.155776,88,73,88,0.7207055104406257,0.0,high|aggr|noisy,"('high', 'aggr', 'noisy')",nonstationary_unseen,1.9607515096664432,2.707141721248626
47.154827,200,235.549216,179,23,179,0.7346452564001084,0.0,high|aggr|dropout,"('high', 'aggr', 'dropout')",nonstationary_unseen,1.9921503019332887,6.941428344249726
45.578966,200,253.979784,177,34,177,0.7156247663497924,0.0,high|calm|noisy,"('high', 'calm', 'noisy')",nonstationary_unseen,1.988705393075943,6.4113524001091715
53.442534,200,272.593043,171,151,171,0.7032004214823246,0.0,high|aggr|noisy,"('high', 'aggr', 'noisy')",nonstationary_unseen,1.9607515096664432,2.707141721248626
26.34892,64,278.480591,59,9,59,0.8466382068581879,0.0,high|aggr|dropout,"('high', 'aggr', 'dropout')",nonstationary_unseen,1.9921503019332887,6.941428344249726
49.377201,200,295.58069,179,28,179,0.6884109757840633,0.0,high|calm|noisy,"('high', 'calm', 'noisy')",nonstationary_unseen,1.988705393075943,6.4113524001091715
13.22075,14,297.584634,9,6,9,0.5203185592378888,0.0,high|aggr|noisy,"('high', 'aggr', 'noisy')",nonstationary_unseen,1.9607515096664432,2.707141721248626
49.584303,200,314.673467,175,18,175,0.7157096849381923,0.0,high|aggr|dropout,"('high', 'aggr', 'dropout')",nonstationary_unseen,1.9921503019332887,6.941428344249726
41.656683,109,324.315564,93,21,93,0.7290711979800408,0.0,high|calm|noisy,"('high', 'calm', 'noisy')",nonstationary_unseen,1.988705393075943,6.4113524001091715
25.086961,66,330.173738,59,54,59,0.7551067218636022,0.0,high|aggr|noisy,"('high', 'aggr', 'noisy')",nonstationary_unseen,1.9607515096664432,2.707141721248626
8.46499,80,338.339979,73,11,73,0.7900054741650819,0.0,high|aggr|dropout,"('high', 'aggr', 'dropout')",nonstationary_unseen,1.9921503019332887,6.941428344249726
25.673353,68,344.174095,56,9,56,0.6626522865365533,0.0,high|calm|noisy,"('high', 'calm', 'noisy')",nonstationary_unseen,1.988705393075943,6.4113524001091715
10.434344,72,350.207032,62,55,62,0.6705576106905937,0.0,high|aggr|noisy,"('high', 'aggr', 'noisy')",nonstationary_unseen,1.9607515096664432,2.707141721248626
53.542868,200,370.471001,172,21,172,0.7361833408474923,0.0,high|aggr|dropout,"('high', 'aggr', 'dropout')",nonstationary_unseen,1.9921503019332887,6.941428344249726
48.806064,200,386.610844,175,26,175,0.7072354336082936,0.0,high|calm|noisy,"('high', 'calm', 'noisy')",nonstationary_unseen,1.988705393075943,6.4113524001091715
15.041712,18,388.505246,17,17,17,0.8445505532953475,0.0,high|aggr|noisy,"('high', 'aggr', 'noisy')",nonstationary_unseen,1.9607515096664432,2.707141721248626
28.721623,64,393.689925,55,6,55,0.8020599912852049,0.0,high|aggr|dropout,"('high', 'aggr', 'dropout')",nonstationary_unseen,1.9921503019332887,6.941428344249726
45.659037,200,412.35441,180,41,180,0.7313699971139431,0.0,high|calm|noisy,"('high', 'calm', 'noisy')",nonstationary_unseen,1.988705393075943,6.4113524001091715
42.010967,152,425.89289,133,116,133,0.7314377078100255,0.0,high|aggr|noisy,"('high', 'aggr', 'noisy')",nonstationary_unseen,1.9607515096664432,2.707141721248626
30.915825,65,431.29942,61,10,61,0.9003672301769257,0.0,high|aggr|dropout,"('high', 'aggr', 'dropout')",nonstationary_unseen,1.9921503019332887,6.941428344249726
57.256769,200,447.974986,180,47,180,0.80184451431036,0.0,high|calm|noisy,"('high', 'calm', 'noisy')",nonstationary_unseen,1.988705393075943,6.4113524001091715
52.79447,200,464.868083,177,161,177,0.7317533168196678,0.0,high|aggr|noisy,"('high', 'aggr', 'noisy')",nonstationary_unseen,1.9607515096664432,2.707141721248626
50.112475,200,483.064821,179,15,179,0.7046396833658218,0.0,high|aggr|dropout,"('high', 'aggr', 'dropout')",nonstationary_unseen,1.9921503019332887,6.941428344249726
14.711357,19,485.150698,17,4,17,0.7269995934084842,0.0,high|calm|noisy,"('high', 'calm', 'noisy')",nonstationary_unseen,1.988705393075943,6.4113524001091715
12.292057,15,486.720621,14,13,14,0.7574878334999084,0.0,high|aggr|noisy,"('high', 'aggr', 'noisy')",nonstationary_unseen,1.9607515096664432,2.707141721248626
48.914544,200,507.284034,182,25,182,0.741152993440628,0.0,high|aggr|dropout,"('high', 'aggr', 'dropout')",nonstationary_unseen,1.9921503019332887,6.941428344249726
42.325579,119,516.75993,105,22,105,0.8176070544399133,0.0,high|calm|noisy,"('high', 'calm', 'noisy')",nonstationary_unseen,1.988705393075943,6.4113524001091715
19.051671,22,519.018273,20,20,20,0.9074069261550903,0.0,high|aggr|noisy,"('high', 'aggr', 'noisy')",nonstationary_unseen,1.9607515096664432,2.707141721248626
32.624738,78,525.602859,70,12,70,0.8586438787289155,0.0,high|aggr|dropout,"('high', 'aggr', 'dropout')",nonstationary_unseen,1.9921503019332887,6.941428344249726
8.680556,10,526.672318,10,1,10,1.0250488579273225,0.0,high|calm|noisy,"('high', 'calm', 'noisy')",nonstationary_unseen,1.988705393075943,6.4113524001091715
21.851495,39,530.253313,31,27,31,0.6729866655973288,0.0,high|aggr|noisy,"('high', 'aggr', 'noisy')",nonstationary_unseen,1.9607515096664432,2.707141721248626
27.609603,76,536.66448,67,8,67,0.7932954293332601,0.0,high|aggr|dropout,"('high', 'aggr', 'dropout')",nonstationary_unseen,1.9921503019332887,6.941428344249726
4.219383,5,537.217238,5,1,5,0.9742602467536926,0.0,high|calm|noisy,"('high', 'calm', 'noisy')",nonstationary_unseen,1.988705393075943,6.4113524001091715
4.212447,5,537.768492,5,4,5,1.0076894998550414,0.0,high|aggr|noisy,"('high', 'aggr', 'noisy')",nonstationary_unseen,1.9607515096664432,2.707141721248626
14.692436,17,539.98286,15,0,15,0.7102863052312065,0.0,high|aggr|dropout,"('high', 'aggr', 'dropout')",nonstationary_unseen,1.9921503019332887,6.941428344249726
52.311112,200,557.47392,175,40,175,0.7427814124524593,0.0,high|calm|noisy,"('high', 'calm', 'noisy')",nonstationary_unseen,1.988705393075943,6.4113524001091715
45.352416,200,573.37793,185,164,185,0.7444965736567974,0.0,high|aggr|noisy,"('high', 'aggr', 'noisy')",nonstationary_unseen,1.9607515096664432,2.707141721248626
55.056419,200,590.814805,181,28,181,0.7972986179590226,0.0,high|aggr|dropout,"('high', 'aggr', 'dropout')",nonstationary_unseen,1.9921503019332887,6.941428344249726
58.428022,200,609.477565,170,26,170,0.6962692241370678,0.0,high|calm|noisy,"('high', 'calm', 'noisy')",nonstationary_unseen,1.988705393075943,6.4113524001091715
25.788665,46,614.522254,33,33,33,0.6346687635649806,0.0,high|aggr|noisy,"('high', 'aggr', 'noisy')",nonstationary_unseen,1.9607515096664432,2.707141721248626
23.689229,63,619.951549,50,7,50,0.6390265467621031,0.0,high|aggr|dropout,"('high', 'aggr', 'dropout')",nonstationary_unseen,1.9921503019332887,6.941428344249726
25.161318,53,626.076863,47,20,47,0.9345681251219984,0.0,high|calm|noisy,"('high', 'calm', 'noisy')",nonstationary_unseen,1.988705393075943,6.4113524001091715
51.24583,200,643.222194,184,161,184,0.809087367206812,0.0,high|aggr|noisy,"('high', 'aggr', 'noisy')",nonstationary_unseen,1.9607515096664432,2.707141721248626
25.174625,70,649.430928,63,14,63,0.7755844111953463,0.0,high|aggr|dropout,"('high', 'aggr', 'dropout')",nonstationary_unseen,1.9921503019332887,6.941428344249726
55.281491,200,668.60303,181,30,181,0.7244799345731735,0.0,high|calm|noisy,"('high', 'calm', 'noisy')",nonstationary_unseen,1.988705393075943,6.4113524001091715
36.941087,144,681.409014,128,120,128,0.7935294616553519,0.0,high|aggr|noisy,"('high', 'aggr', 'noisy')",nonstationary_unseen,1.9607515096664432,2.707141721248626
44.061072,200,698.865373,180,18,180,0.7220628076791763,0.0,high|aggr|dropout,"('high', 'aggr', 'dropout')",nonstationary_unseen,1.9921503019332887,6.941428344249726
51.206955,200,717.916416,177,46,177,0.7243497847020626,0.0,high|calm|noisy,"('high', 'calm', 'noisy')",nonstationary_unseen,1.988705393075943,6.4113524001091715
47.435066,200,737.362394,183,163,183,0.7802883979678154,0.0,high|aggr|noisy,"('high', 'aggr', 'noisy')",nonstationary_unseen,1.9607515096664432,2.707141721248626
46.359054,200,754.308809,178,21,178,0.7582517294585704,0.0,high|aggr|dropout,"('high', 'aggr', 'dropout')",nonstationary_unseen,1.9921503019332887,6.941428344249726
32.28918,94,761.909757,83,29,83,0.8630103995191291,0.0,high|calm|noisy,"('high', 'calm', 'noisy')",nonstationary_unseen,1.988705393075943,6.4113524001091715
35.384411,80,768.984356,75,65,75,0.9357216835021973,0.0,high|aggr|noisy,"('high', 'aggr', 'noisy')",nonstationary_unseen,1.9607515096664432,2.707141721248626
34.792913,117,778.294154,109,21,109,0.8284342841714876,0.0,high|aggr|dropout,"('high', 'aggr', 'dropout')",nonstationary_unseen,1.9921503019332887,6.941428344249726
5.953274,8,779.226662,7,2,7,0.5983469970524311,0.0,high|calm|noisy,"('high', 'calm', 'noisy')",nonstationary_unseen,1.988705393075943,6.4113524001091715
52.432982,200,796.808622,181,162,181,0.785871354341507,0.0,high|aggr|noisy,"('high', 'aggr', 'noisy')",nonstationary_unseen,1.9607515096664432,2.707141721248626
6.625922,8,797.668145,7,1,7,0.7126874327659607,0.0,high|aggr|dropout,"('high', 'aggr', 'dropout')",nonstationary_unseen,1.9921503019332887,6.941428344249726
55.872441,200,814.998925,173,44,173,0.8101151083409787,0.0,high|calm|noisy,"('high', 'calm', 'noisy')",nonstationary_unseen,1.988705393075943,6.4113524001091715
16.068815,19,816.955626,12,10,12,0.4909932393776743,0.0,high|aggr|noisy,"('high', 'aggr', 'noisy')",nonstationary_unseen,1.9607515096664432,2.707141721248626
49.696838,153,829.237946,142,35,142,0.9594168146840887,0.0,high|aggr|dropout,"('high', 'aggr', 'dropout')",nonstationary_unseen,1.9921503019332887,6.941428344249726
4.914211,6,829.924183,5,0,5,0.51138636469841,0.0,high|calm|noisy,"('high', 'calm', 'noisy')",nonstationary_unseen,1.988705393075943,6.4113524001091715
51.699819,200,845.73208,175,156,175,0.7215497773885727,0.0,high|aggr|noisy,"('high', 'aggr', 'noisy')",nonstationary_unseen,1.9607515096664432,2.707141721248626
4.965079,6,846.400572,6,2,6,0.9444708228111267,0.0,high|aggr|dropout,"('high', 'aggr', 'dropout')",nonstationary_unseen,1.9921503019332887,6.941428344249726
17.785647,21,848.549016,18,1,18,0.6589945639882769,0.0,high|calm|noisy,"('high', 'calm', 'noisy')",nonstationary_unseen,1.988705393075943,6.4113524001091715
62.714995,200,864.862847,179,158,179,0.8492201586067677,0.0,high|aggr|noisy,"('high', 'aggr', 'noisy')",nonstationary_unseen,1.9607515096664432,2.707141721248626
48.663581,199,883.363276,182,44,182,0.9315179496554274,0.0,high|aggr|dropout,"('high', 'aggr', 'dropout')",nonstationary_unseen,1.9921503019332887,6.941428344249726
18.281308,22,885.649522,22,6,22,0.9868599880825389,0.0,high|calm|noisy,"('high', 'calm', 'noisy')",nonstationary_unseen,1.988705393075943,6.4113524001091715
45.373916,200,902.58175,186,163,186,0.8535523153841496,0.0,high|aggr|noisy,"('high', 'aggr', 'noisy')",nonstationary_unseen,1.9607515096664432,2.707141721248626
8.572083,10,903.728125,9,1,9,0.8423372268676758,0.0,high|aggr|dropout,"('high', 'aggr', 'dropout')",nonstationary_unseen,1.9921503019332887,6.941428344249726
51.384217,200,920.157567,188,57,188,0.8688267114758491,0.0,high|calm|noisy,"('high', 'calm', 'noisy')",nonstationary_unseen,1.988705393075943,6.4113524001091715
4.126943,5,920.671055,2,2,2,0.3887744307518005,0.0,high|aggr|noisy,"('high', 'aggr', 'noisy')",nonstationary_unseen,1.9607515096664432,2.707141721248626
5.864604,110,929.895064,104,25,104,0.9537738260897723,0.0,high|aggr|dropout,"('high', 'aggr', 'dropout')",nonstationary_unseen,1.9921503019332887,6.941428344249726
13.978421,15,931.723321,12,2,12,0.8309631109237671,0.0,high|calm|noisy,"('high', 'calm', 'noisy')",nonstationary_unseen,1.988705393075943,6.4113524001091715
7.717747,9,932.676684,8,8,8,1.0134347942140367,0.0,high|aggr|noisy,"('high', 'aggr', 'noisy')",nonstationary_unseen,1.9607515096664432,2.707141721248626
15.867414,19,934.910851,18,3,18,0.9783346245163366,0.0,high|aggr|dropout,"('high', 'aggr', 'dropout')",nonstationary_unseen,1.9921503019332887,6.941428344249726
12.596927,14,936.701276,10,4,10,0.8024168269974845,0.0,high|calm|noisy,"('high', 'calm', 'noisy')",nonstationary_unseen,1.988705393075943,6.4113524001091715
60.466994,200,956.072636,188,177,188,0.8712236657738686,0.0,high|aggr|noisy,"('high', 'aggr', 'noisy')",nonstationary_unseen,1.9607515096664432,2.707141721248626
14.565675,16,958.367424,13,1,13,0.6784580498933792,0.0,high|aggr|dropout,"('high', 'aggr', 'dropout')",nonstationary_unseen,1.9921503019332887,6.941428344249726
35.817492,73,965.411381,68,26,68,1.1170601011955574,0.0,high|calm|noisy,"('high', 'calm', 'noisy')",nonstationary_unseen,1.988705393075943,6.4113524001091715
13.928702,15,966.974386,13,12,13,0.9372883280118306,0.0,high|aggr|noisy,"('high', 'aggr', 'noisy')",nonstationary_unseen,1.9607515096664432,2.707141721248626
33.47622,96,975.192068,90,24,90,0.9684486088032523,0.0,high|aggr|dropout,"('high', 'aggr', 'dropout')",nonstationary_unseen,1.9921503019332887,6.941428344249726
5.739556,7,975.988164,4,2,4,0.603816304888044,0.0,high|calm|noisy,"('high', 'calm', 'noisy')",nonstationary_unseen,1.988705393075943,6.4113524001091715
5.125145,6,976.703603,4,2,4,0.5020293196042379,0.0,high|aggr|noisy,"('high', 'aggr', 'noisy')",nonstationary_unseen,1.9607515096664432,2.707141721248626
15.076238,16,978.503961,14,7,14,0.9937871433794498,0.0,high|aggr|dropout,"('high', 'aggr', 'dropout')",nonstationary_unseen,1.9921503019332887,6.941428344249726
61.222546,200,995.316214,177,43,177,0.8552315497398376,0.0,high|calm|noisy,"('high', 'calm', 'noisy')",nonstationary_unseen,1.988705393075943,6.4113524001091715
17.6276,21,997.864316,21,17,21,0.8696885974634261,0.0,high|aggr|noisy,"('high', 'aggr', 'noisy')",nonstationary_unseen,1.9607515096664432,2.707141721248626
18.27394,22,1000.513297,22,1,22,0.9422896396030079,0.0,high|aggr|dropout,"('high', 'aggr', 'dropout')",nonstationary_unseen,1.9921503019332887,6.941428344249726
5.002872,6,1001.286633,6,1,6,1.0867427786191304,0.0,high|calm|noisy,"('high', 'calm', 'noisy')",nonstationary_unseen,1.988705393075943,6.4113524001091715
18.980123,22,1004.09352,21,19,21,0.9716425158760764,0.0,high|aggr|noisy,"('high', 'aggr', 'noisy')",nonstationary_unseen,1.9607515096664432,2.707141721248626
14.70166,17,1005.957523,14,6,14,0.943489390261033,0.0,high|aggr|dropout,"('high', 'aggr', 'dropout')",nonstationary_unseen,1.9921503019332887,6.941428344249726
15.233002,17,1007.817405,16,3,16,0.880256242611829,0.0,high|calm|noisy,"('high', 'calm', 'noisy')",nonstationary_unseen,1.988705393075943,6.4113524001091715
9.420777,11,1009.238983,8,5,8,0.506989682262594,0.0,high|aggr|noisy,"('high', 'aggr', 'noisy')",nonstationary_unseen,1.9607515096664432,2.707141721248626
5.824828,7,1010.187539,6,0,6,0.6695585591452462,0.0,high|aggr|dropout,"('high', 'aggr', 'dropout')",nonstationary_unseen,1.9921503019332887,6.941428344249726
13.192623,15,1012.1557,12,9,12,0.9491897185643514,0.0,high|calm|noisy,"('high', 'calm', 'noisy')",nonstationary_unseen,1.988705393075943,6.4113524001091715
4.175281,5,1012.857187,5,5,5,1.0213653445243835,0.0,high|aggr|noisy,"('high', 'aggr', 'noisy')",nonstationary_unseen,1.9607515096664432,2.707141721248626
21.892838,51,1018.270004,49,15,49,1.0312904557761025,0.0,high|aggr|dropout,"('high', 'aggr', 'dropout')",nonstationary_unseen,1.9921503019332887,6.941428344249726
4.13903,5,1018.832974,5,1,5,1.023294484615326,0.0,high|calm|noisy,"('high', 'calm', 'noisy')",nonstationary_unseen,1.988705393075943,6.4113524001091715
41.929017,115,1028.683604,111,106,111,1.0281325697898864,0.0,high|aggr|noisy,"('high', 'aggr', 'noisy')",nonstationary_unseen,1.9607515096664432,2.707141721248626
49.81068,200,1048.785533,186,36,186,0.8441980092227459,0.0,high|aggr|dropout,"('high', 'aggr', 'dropout')",nonstationary_unseen,1.9921503019332887,6.941428344249726
4.152429,5,1049.348842,4,0,4,0.6733800172805786,0.0,high|calm|noisy,"('high', 'calm', 'noisy')",nonstationary_unseen,1.988705393075943,6.4113524001091715
7.694753,9,1050.348352,5,3,5,0.42241432269414264,0.0,high|aggr|noisy,"('high', 'aggr', 'noisy')",nonstationary_unseen,1.9607515096664432,2.707141721248626
14.066503,16,1052.208051,14,2,14,0.8048383630812168,0.0,high|aggr|dropout,"('high', 'aggr', 'dropout')",nonstationary_unseen,1.9921503019332887,6.941428344249726
43.807209,73,1058.697368,69,13,69,1.0945425074394435,0.0,high|calm|noisy,"('high', 'calm', 'noisy')",nonstationary_unseen,1.988705393075943,6.4113524001091715
14.702571,16,1060.522564,15,14,15,1.064013447612524,0.0,high|aggr|noisy,"('high', 'aggr', 'noisy')",nonstationary_unseen,1.9607515096664432,2.707141721248626
51.979702,200,1076.184534,176,35,176,0.7162208291888237,0.0,high|aggr|dropout,"('high', 'aggr', 'dropout')",nonstationary_unseen,1.9921503019332887,6.941428344249726
51.432257,200,1093.49009,184,64,184,0.8172797887027263,0.0,high|calm|noisy,"('high', 'calm', 'noisy')",nonstationary_unseen,1.988705393075943,6.4113524001091715
17.004735,20,1095.840169,20,20,20,1.071353444457054,0.0,high|aggr|noisy,"('high', 'aggr', 'noisy')",nonstationary_unseen,1.9607515096664432,2.707141721248626
9.257401,12,1097.436571,11,0,11,0.8995698789755503,0.0,high|aggr|dropout,"('high', 'aggr', 'dropout')",nonstationary_unseen,1.9921503019332887,6.941428344249726
14.580371,17,1099.599333,15,7,15,0.9514594814356636,0.0,high|calm|noisy,"('high', 'calm', 'noisy')",nonstationary_unseen,1.988705393075943,6.4113524001091715
13.641362,20,1102.114378,20,17,20,1.0689725935459138,0.0,high|aggr|noisy,"('high', 'aggr', 'noisy')",nonstationary_unseen,1.9607515096664432,2.707141721248626
14.508856,16,1104.037929,15,5,15,1.1967888474464417,0.0,high|aggr|dropout,"('high', 'aggr', 'dropout')",nonstationary_unseen,1.9921503019332887,6.941428344249726
15.313149,16,1105.754815,11,0,11,0.5780854858458042,0.0,high|calm|noisy,"('high', 'calm', 'noisy')",nonstationary_unseen,1.988705393075943,6.4113524001091715
-2.997262,200,1121.713942,184,168,184,0.7654700492322445,0.0,high|aggr|noisy,"('high', 'aggr', 'noisy')",nonstationary_unseen,1.9607515096664432,2.707141721248626
15.176019,19,1123.619304,16,5,16,0.798486988795431,0.0,high|aggr|dropout,"('high', 'aggr', 'dropout')",nonstationary_unseen,1.9921503019332887,6.941428344249726
8.668457,10,1124.683691,10,1,10,0.8836403369903565,0.0,high|calm|noisy,"('high', 'calm', 'noisy')",nonstationary_unseen,1.988705393075943,6.4113524001091715
15.217818,18,1126.505182,17,17,17,1.1113287111123402,0.0,high|aggr|noisy,"('high', 'aggr', 'noisy')",nonstationary_unseen,1.9607515096664432,2.707141721248626
4.951647,6,1127.133263,6,0,6,0.7523753046989441,0.0,high|aggr|dropout,"('high', 'aggr', 'dropout')",nonstationary_unseen,1.9921503019332887,6.941428344249726
54.19879,200,1142.948138,191,70,191,0.9445214802026749,0.0,high|calm|noisy,"('high', 'calm', 'noisy')",nonstationary_unseen,1.988705393075943,6.4113524001091715
57.846191,200,1160.583165,184,166,184,0.7822265568375587,0.0,high|aggr|noisy,"('high', 'aggr', 'noisy')",nonstationary_unseen,1.9607515096664432,2.707141721248626
14.345931,17,1162.337333,15,6,15,0.9347333136726829,0.0,high|aggr|dropout,"('high', 'aggr', 'dropout')",nonstationary_unseen,1.9921503019332887,6.941428344249726
55.304914,200,1178.247641,180,39,180,0.659443044513464,0.0,high|calm|noisy,"('high', 'calm', 'noisy')",nonstationary_unseen,1.988705393075943,6.4113524001091715
28.505834,52,1182.719846,47,46,47,1.0645489486364217,0.0,high|aggr|noisy,"('high', 'aggr', 'noisy')",nonstationary_unseen,1.9607515096664432,2.707141721248626
56.538661,200,1198.542236,188,40,188,0.7437587536871433,0.0,high|aggr|dropout,"('high', 'aggr', 'dropout')",nonstationary_unseen,1.9921503019332887,6.941428344249726
55.233143,200,1214.90493,193,80,193,0.9735157039761543,0.0,high|calm|noisy,"('high', 'calm', 'noisy')",nonstationary_unseen,1.988705393075943,6.4113524001091715
6.649697,102,1223.176762,98,93,98,0.9830714581059474,0.0,high|aggr|noisy,"('high', 'aggr', 'noisy')",nonstationary_unseen,1.9607515096664432,2.707141721248626
36.034517,75,1231.422882,69,19,69,1.1225970554351807,0.0,high|aggr|dropout,"('high', 'aggr', 'dropout')",nonstationary_unseen,1.9921503019332887,6.941428344249726
53.429908,200,1247.40834,193,51,193,0.6754403415322304,0.0,high|calm|noisy,"('high', 'calm', 'noisy')",nonstationary_unseen,1.988705393075943,6.4113524001091715
11.311285,13,1248.818112,12,11,12,1.0028494092134328,0.0,high|aggr|noisy,"('high', 'aggr', 'noisy')",nonstationary_unseen,1.9607515096664432,2.707141721248626
15.863029,18,1250.662131,17,2,17,1.0233238422208362,0.0,high|aggr|dropout,"('high', 'aggr', 'dropout')",nonstationary_unseen,1.9921503019332887,6.941428344249726
55.742734,200,1269.483521,196,78,196,0.7772573199868202,0.0,high|calm|noisy,"('high', 'calm', 'noisy')",nonstationary_unseen,1.988705393075943,6.4113524001091715
58.171245,200,1285.407106,196,186,196,0.8018617808818818,0.0,high|aggr|noisy,"('high', 'aggr', 'noisy')",nonstationary_unseen,1.9607515096664432,2.707141721248626
29.206546,80,1292.001633,78,22,78,1.1080704674124717,0.0,high|aggr|dropout,"('high', 'aggr', 'dropout')",nonstationary_unseen,1.9921503019332887,6.941428344249726
54.294991,200,1311.897411,195,44,195,0.7753685015439987,0.0,high|calm|noisy,"('high', 'calm', 'noisy')",nonstationary_unseen,1.988705393075943,6.4113524001091715
16.361111,19,1314.365275,19,19,19,1.1518778832335221,0.0,high|aggr|noisy,"('high', 'aggr', 'noisy')",nonstationary_unseen,1.9607515096664432,2.707141721248626
57.28702,200,1331.190308,187,26,187,0.805138154476881,0.0,high|aggr|dropout,"('high', 'aggr', 'dropout')",nonstationary_unseen,1.9921503019332887,6.941428344249726
58.613719,200,1347.77726,196,65,196,0.7333441470563412,0.0,high|calm|noisy,"('high', 'calm', 'noisy')",nonstationary_unseen,1.988705393075943,6.4113524001091715
54.681945,200,1364.896591,198,195,198,0.9051026234030723,0.0,high|aggr|noisy,"('high', 'aggr', 'noisy')",nonstationary_unseen,1.9607515096664432,2.707141721248626
4.544956,200,1380.724726,195,81,195,0.8761611360311509,0.0,high|aggr|dropout,"('high', 'aggr', 'dropout')",nonstationary_unseen,1.9921503019332887,6.941428344249726
13.261884,19,1382.693503,19,1,19,1.129296014183446,0.0,high|calm|noisy,"('high', 'calm', 'noisy')",nonstationary_unseen,1.988705393075943,6.4113524001091715
4.969798,6,1383.380297,6,5,6,0.8275424788395563,0.0,high|aggr|noisy,"('high', 'aggr', 'noisy')",nonstationary_unseen,1.9607515096664432,2.707141721248626
16.361111,19,1385.69578,19,2,19,1.213046177437431,0.0,high|aggr|dropout,"('high', 'aggr', 'dropout')",nonstationary_unseen,1.9921503019332887,6.941428344249726
16.361111,19,1388.042755,19,6,19,1.2850446199115955,0.0,high|calm|noisy,"('high', 'calm', 'noisy')",nonstationary_unseen,1.988705393075943,6.4113524001091715
4.13903,5,1388.734292,5,5,5,1.059754991531372,0.0,high|aggr|noisy,"('high', 'aggr', 'noisy')",nonstationary_unseen,1.9607515096664432,2.707141721248626
16.361111,19,1391.084055,19,3,19,1.222683006211331,0.0,high|aggr|dropout,"('high', 'aggr', 'dropout')",nonstationary_unseen,1.9921503019332887,6.941428344249726
13.305882,19,1393.553622,19,8,19,1.2905423358867043,0.0,high|calm|noisy,"('high', 'calm', 'noisy')",nonstationary_unseen,1.988705393075943,6.4113524001091715
9.487045,11,1394.741935,11,11,11,1.1922339634461836,0.0,high|aggr|noisy,"('high', 'aggr', 'noisy')",nonstationary_unseen,1.9607515096664432,2.707141721248626
9.436522,11,1395.94155,11,1,11,1.0671849792653865,0.0,high|aggr|dropout,"('high', 'aggr', 'dropout')",nonstationary_unseen,1.9921503019332887,6.941428344249726
16.361111,19,1398.08572,19,5,19,1.2629256562182778,0.0,high|calm|noisy,"('high', 'calm', 'noisy')",nonstationary_unseen,1.988705393075943,6.4113524001091715
16.361111,19,1400.027331,19,19,19,1.2772359659797268,0.0,high|aggr|noisy,"('high', 'aggr', 'noisy')",nonstationary_unseen,1.9607515096664432,2.707141721248626
16.361111,19,1402.030152,19,2,19,1.237237522476598,0.0,high|aggr|dropout,"('high', 'aggr', 'dropout')",nonstationary_unseen,1.9921503019332887,6.941428344249726
5.009644,6,1402.699908,6,0,6,0.983255535364151,0.0,high|calm|noisy,"('high', 'calm', 'noisy')",nonstationary_unseen,1.988705393075943,6.4113524001091715
16.361111,19,1404.693798,19,19,19,1.2210273115258468,0.0,high|aggr|noisy,"('high', 'aggr', 'noisy')",nonstationary_unseen,1.9607515096664432,2.707141721248626
16.361111,19,1406.834281,19,1,19,1.18819880171826,0.0,high|aggr|dropout,"('high', 'aggr', 'dropout')",nonstationary_unseen,1.9921503019332887,6.941428344249726
16.361111,19,1409.24289,19,3,19,1.2361266926715249,0.0,high|calm|noisy,"('high', 'calm', 'noisy')",nonstationary_unseen,1.988705393075943,6.4113524001091715
9.442436,11,1410.731712,11,11,11,1.250684987414967,0.0,high|aggr|noisy,"('high', 'aggr', 'noisy')",nonstationary_unseen,1.9607515096664432,2.707141721248626
13.305882,19,1413.106055,19,2,19,1.1594750159665157,0.0,high|aggr|dropout,"('high', 'aggr', 'dropout')",nonstationary_unseen,1.9921503019332887,6.941428344249726
50.728398,200,1429.037708,196,119,196,0.8290054321289062,0.0,high|calm|noisy,"('high', 'calm', 'noisy')",nonstationary_unseen,1.988705393075943,6.4113524001091715
4.189032,5,1429.558672,5,3,5,0.9340515255928039,0.0,high|aggr|noisy,"('high', 'aggr', 'noisy')",nonstationary_unseen,1.9607515096664432,2.707141721248626
4.980526,6,1430.285503,5,1,5,1.0083249012629192,0.0,high|aggr|dropout,"('high', 'aggr', 'dropout')",nonstationary_unseen,1.9921503019332887,6.941428344249726
58.084141,200,1446.209792,199,64,199,0.716133265197277,0.0,high|calm|noisy,"('high', 'calm', 'noisy')",nonstationary_unseen,1.988705393075943,6.4113524001091715
8.57032,10,1447.286026,10,10,10,1.003612607717514,0.0,high|aggr|noisy,"('high', 'aggr', 'noisy')",nonstationary_unseen,1.9607515096664432,2.707141721248626
52.867243,200,1464.656514,193,76,193,0.7815282748639584,0.0,high|aggr|dropout,"('high', 'aggr', 'dropout')",nonstationary_unseen,1.9921503019332887,6.941428344249726
9.462617,11,1465.849895,11,0,11,1.0791042338718067,0.0,high|calm|noisy,"('high', 'calm', 'noisy')",nonstationary_unseen,1.988705393075943,6.4113524001091715
16.316401,19,1467.816604,19,19,19,1.1666330663781417,0.0,high|aggr|noisy,"('high', 'aggr', 'noisy')",nonstationary_unseen,1.9607515096664432,2.707141721248626
12.973894,15,1471.242793,14,1,14,1.1800390005111694,0.0,high|aggr|dropout,"('high', 'aggr', 'dropout')",nonstationary_unseen,1.9921503019332887,6.941428344249726
16.361111,19,1474.202893,19,9,19,1.2524651320357072,0.0,high|calm|noisy,"('high', 'calm', 'noisy')",nonstationary_unseen,1.988705393075943,6.4113524001091715
16.361111,19,1477.278902,19,18,19,1.1883759467225326,0.0,high|aggr|noisy,"('high', 'aggr', 'noisy')",nonstationary_unseen,1.9607515096664432,2.707141721248626
11.129038,13,1479.172895,12,2,12,1.095030312354748,0.0,high|aggr|dropout,"('high', 'aggr', 'dropout')",nonstationary_unseen,1.9921503019332887,6.941428344249726
16.361111,19,1481.374687,19,5,19,1.2162112562279952,0.0,high|calm|noisy,"('high', 'calm', 'noisy')",nonstationary_unseen,1.988705393075943,6.4113524001091715
9.430973,11,1482.785816,11,11,11,1.06722631779584,0.0,high|aggr|noisy,"('high', 'aggr', 'noisy')",nonstationary_unseen,1.9607515096664432,2.707141721248626
53.881345,200,1500.087738,189,65,189,1.097817376255989,0.0,high|aggr|dropout,"('high', 'aggr', 'dropout')",nonstationary_unseen,1.9921503019332887,6.941428344249726
9.462617,11,1501.634607,11,0,11,0.911177245053378,0.0,high|calm|noisy,"('high', 'calm', 'noisy')",nonstationary_unseen,1.988705393075943,6.4113524001091715
13.641141,20,1503.740864,20,20,20,1.1823764234781264,0.0,high|aggr|noisy,"('high', 'aggr', 'noisy')",nonstationary_unseen,1.9607515096664432,2.707141721248626
16.361111,19,1505.787023,19,4,19,1.2018178920996816,0.0,high|aggr|dropout,"('high', 'aggr', 'dropout')",nonstationary_unseen,1.9921503019332887,6.941428344249726
13.696026,19,1507.808381,18,9,18,1.214044081537347,0.0,high|calm|noisy,"('high', 'calm', 'noisy')",nonstationary_unseen,1.988705393075943,6.4113524001091715
9.478379,11,1509.568753,11,11,11,1.113394395871596,0.0,high|aggr|noisy,"('high', 'aggr', 'noisy')",nonstationary_unseen,1.9607515096664432,2.707141721248626
5.051001,6,1510.377029,6,0,6,1.0858704348405201,0.0,high|aggr|dropout,"('high', 'aggr', 'dropout')",nonstationary_unseen,1.9921503019332887,6.941428344249726
16.361111,19,1512.940811,19,6,19,1.2186955464513678,0.0,high|calm|noisy,"('high', 'calm', 'noisy')",nonstationary_unseen,1.988705393075943,6.4113524001091715
13.636333,20,1515.823251,20,20,20,1.2399003684520722,0.0,high|aggr|noisy,"('high', 'aggr', 'noisy')",nonstationary_unseen,1.9607515096664432,2.707141721248626
16.361111,19,1518.319118,19,2,19,1.1787192005860179,0.0,high|aggr|dropout,"('high', 'aggr', 'dropout')",nonstationary_unseen,1.9921503019332887,6.941428344249726
8.64646,10,1519.735823,10,0,10,0.952963525056839,0.0,high|calm|noisy,"('high', 'calm', 'noisy')",nonstationary_unseen,1.988705393075943,6.4113524001091715
0.171908,200,1536.564249,198,183,198,0.6672788880765438,0.0,high|aggr|noisy,"('high', 'aggr', 'noisy')",nonstationary_unseen,1.9607515096664432,2.707141721248626
-0.545841,200,1552.943437,196,81,196,1.0160288736224174,0.0,high|aggr|dropout,"('high', 'aggr', 'dropout')",nonstationary_unseen,1.9921503019332887,6.941428344249726
16.343142,19,1555.053752,19,3,19,1.0765672828021802,0.0,high|calm|noisy,"('high', 'calm', 'noisy')",nonstationary_unseen,1.988705393075943,6.4113524001091715
48.489158,200,1572.069309,197,186,197,1.1027408051490784,0.0,high|aggr|noisy,"('high', 'aggr', 'noisy')",nonstationary_unseen,1.9607515096664432,2.707141721248626
16.992138,20,1574.525325,19,4,19,1.138888907432556,0.0,high|aggr|dropout,"('high', 'aggr', 'dropout')",nonstationary_unseen,1.9921503019332887,6.941428344249726
9.496279,11,1575.99085,11,1,11,1.1568027518012307,0.0,high|calm|noisy,"('high', 'calm', 'noisy')",nonstationary_unseen,1.988705393075943,6.4113524001091715
16.361111,19,1578.569132,19,18,19,1.142330382999621,0.0,high|aggr|noisy,"('high', 'aggr', 'noisy')",nonstationary_unseen,1.9607515096664432,2.707141721248626
56.398834,200,1594.850501,195,81,195,0.900684352517128,0.0,high|aggr|dropout,"('high', 'aggr', 'dropout')",nonstationary_unseen,1.9921503019332887,6.941428344249726
16.361111,19,1596.924875,19,3,19,1.1734013369208889,0.0,high|calm|noisy,"('high', 'calm', 'noisy')",nonstationary_unseen,1.988705393075943,6.4113524001091715
15.822109,29,1599.678363,27,24,27,0.910330198962113,0.0,high|aggr|noisy,"('high', 'aggr', 'noisy')",nonstationary_unseen,1.9607515096664432,2.707141721248626
42.784304,200,1616.397189,192,46,192,0.9764281645417213,0.0,high|aggr|dropout,"('high', 'aggr', 'dropout')",nonstationary_unseen,1.9921503019332887,6.941428344249726
16.964838,20,1618.428359,20,7,20,1.1827425688505173,0.0,high|calm|noisy,"('high', 'calm', 'noisy')",nonstationary_unseen,1.988705393075943,6.4113524001091715
16.436172,19,1620.407748,18,17,18,1.090199075247112,0.0,high|aggr|noisy,"('high', 'aggr', 'noisy')",nonstationary_unseen,1.9607515096664432,2.707141721248626
27.35054,69,1626.583605,64,22,64,0.8356061888777692,0.0,high|aggr|dropout,"('high', 'aggr', 'dropout')",nonstationary_unseen,1.9921503019332887,6.941428344249726
42.928001,200,1644.272678,196,83,196,1.0922359369695187,0.0,high|calm|noisy,"('high', 'calm', 'noisy')",nonstationary_unseen,1.988705393075943,6.4113524001091715
13.962925,15,1646.053995,14,11,14,1.060665500164032,0.0,high|aggr|noisy,"('high', 'aggr', 'noisy')",nonstationary_unseen,1.9607515096664432,2.707141721248626
60.810664,200,1662.994757,198,46,198,0.7136375075578689,0.0,high|aggr|dropout,"('high', 'aggr', 'dropout')",nonstationary_unseen,1.9921503019332887,6.941428344249726
16.361111,19,1664.998662,19,3,19,1.167957581971821,0.0,high|calm|noisy,"('high', 'calm', 'noisy')",nonstationary_unseen,1.988705393075943,6.4113524001091715
14.617315,16,1666.757445,14,13,14,1.0019329488277435,0.0,high|aggr|noisy,"('high', 'aggr', 'noisy')",nonstationary_unseen,1.9607515096664432,2.707141721248626
41.817692,200,1682.542344,188,44,188,0.7080368760228157,0.0,high|aggr|dropout,"('high', 'aggr', 'dropout')",nonstationary_unseen,1.9921503019332887,6.941428344249726
15.684799,18,1684.601104,16,0,16,0.9949671096271939,0.0,high|calm|noisy,"('high', 'calm', 'noisy')",nonstationary_unseen,1.988705393075943,6.4113524001091715
11.457807,17,1686.366294,16,15,16,0.9466628572520088,0.0,high|aggr|noisy,"('high', 'aggr', 'noisy')",nonstationary_unseen,1.9607515096664432,2.707141721248626
-6.575599,200,1703.991666,187,40,187,0.7103956079483033,0.0,high|aggr|dropout,"('high', 'aggr', 'dropout')",nonstationary_unseen,1.9921503019332887,6.941428344249726
13.307727,14,1705.46001,12,0,12,1.040332853794098,0.0,high|calm|noisy,"('high', 'calm', 'noisy')",nonstationary_unseen,1.988705393075943,6.4113524001091715
16.361111,19,1707.569051,19,19,19,1.205411882776963,0.0,high|aggr|noisy,"('high', 'aggr', 'noisy')",nonstationary_unseen,1.9607515096664432,2.707141721248626
51.514438,167,1720.600738,160,53,160,1.1278167247415303,0.0,high|aggr|dropout,"('high', 'aggr', 'dropout')",nonstationary_unseen,1.9921503019332887,6.941428344249726
12.645628,15,1722.205863,14,0,14,1.0383845329284669,0.0,high|calm|noisy,"('high', 'calm', 'noisy')",nonstationary_unseen,1.988705393075943,6.4113524001091715
16.361111,19,1724.210846,19,19,19,1.192095696926117,0.0,high|aggr|noisy,"('high', 'aggr', 'noisy')",nonstationary_unseen,1.9607515096664432,2.707141721248626
13.305882,19,1726.115831,19,3,19,1.0257705183405625,0.0,high|aggr|dropout,"('high', 'aggr', 'dropout')",nonstationary_unseen,1.9921503019332887,6.941428344249726
-4.80418,200,1742.069282,195,67,195,0.9346298760175705,0.0,high|calm|noisy,"('high', 'calm', 'noisy')",nonstationary_unseen,1.988705393075943,6.4113524001091715
-7.902013,200,1760.139699,196,187,196,0.8785858108103275,0.0,high|aggr|noisy,"('high', 'aggr', 'noisy')",nonstationary_unseen,1.9607515096664432,2.707141721248626
13.902903,15,1761.700045,14,3,14,1.072757883866628,0.0,high|aggr|dropout,"('high', 'aggr', 'dropout')",nonstationary_unseen,1.9921503019332887,6.941428344249726
9.240672,12,1763.085793,11,0,11,1.0596705377101898,0.0,high|calm|noisy,"('high', 'calm', 'noisy')",nonstationary_unseen,1.988705393075943,6.4113524001091715
31.980867,83,1770.273584,81,81,81,1.166206574583628,0.0,high|aggr|noisy,"('high', 'aggr', 'noisy')",nonstationary_unseen,1.9607515096664432,2.707141721248626
